kategorie;kategoriename;Anzahl KH;AnzahlTS
A00;Cholera;0;0
A01;Typhus abdominalis und Paratyphus;0;0
A02;Sonstige Salmonelleninfektionen;-999;-999
A03;Shigellose [Bakterielle Ruhr];-999;-999
A04;Sonstige bakterielle Darminfektionen;21;26
A05;Sonstige bakteriell bedingte Lebensmittelvergiftungen, anderenorts nicht klassifiziert;0;0
A06;Amöbiasis;-999;-999
A07;Sonstige Darmkrankheiten durch Protozoen;3;3
A08;Virusbedingte und sonstige näher bezeichnete Darminfektionen;9;11
A09;Sonstige und nicht näher bezeichnete Gastroenteritis und Kolitis infektiösen und nicht näher bezeichneten Ursprungs;41;174
A15;Tuberkulose der Atmungsorgane, bakteriologisch, molekularbiologisch oder histologisch gesichert;3;5
A16;Tuberkulose der Atmungsorgane, weder bakteriologisch, molekularbiologisch noch histologisch gesichert;9;34
A17;Tuberkulose des Nervensystems;-999;-999
A18;Tuberkulose sonstiger Organe;5;14
A19;Miliartuberkulose;0;0
A20;Pest;0;0
A21;Tularämie;0;0
A22;Anthrax [Milzbrand];0;0
A23;Brucellose;2;2
A24;Rotz [Malleus] und Melioidose [Pseudorotz];0;0
A25;Rattenbisskrankheiten;0;0
A26;Erysipeloid;2;2
A27;Leptospirose;0;0
A28;Sonstige bakterielle Zoonosen, anderenorts nicht klassifiziert;0;0
A30;Lepra [Aussatz];0;0
A31;Infektion durch sonstige Mykobakterien;10;22
A32;Listeriose;-999;-999
A33;Tetanus neonatorum;0;0
A34;Tetanus während der Schwangerschaft, der Geburt und des Wochenbettes;0;0
A35;Sonstiger Tetanus;0;0
A36;Diphtherie;0;0
A37;Keuchhusten;-999;-999
A38;Scharlach;0;0
A39;Meningokokkeninfektion;3;3
A40;Streptokokkensepsis;2;2
A41;Sonstige Sepsis;23;35
A42;Aktinomykose;-999;-999
A43;Nokardiose;0;0
A44;Bartonellose;2;2
A46;Erysipel [Wundrose];31;71
A48;Sonstige bakterielle Krankheiten, anderenorts nicht klassifiziert;-999;-999
A49;Bakterielle Infektion nicht näher bezeichneter Lokalisation;10;135
A50;Syphilis connata;0;0
A51;Frühsyphilis;21;73
A52;Spätsyphilis;13;34
A53;Sonstige und nicht näher bezeichnete Syphilis;14;57
A54;Gonokokkeninfektion;7;8
A55;Lymphogranuloma inguinale (venereum) durch Chlamydien;0;0
A56;Sonstige durch Geschlechtsverkehr übertragene Chlamydienkrankheiten;0;0
A57;Ulcus molle (venereum);-999;-999
A58;Granuloma venereum (inguinale);0;0
A59;Trichomoniasis;0;0
A60;Infektionen des Anogenitalbereiches durch Herpesviren [Herpes simplex];-999;-999
A63;Sonstige vorwiegend durch Geschlechtsverkehr übertragene Krankheiten, anderenorts nicht klassifiziert;14;75
A64;Durch Geschlechtsverkehr übertragene Krankheiten, nicht näher bezeichnet;-999;-999
A65;Nichtvenerische Syphilis;0;0
A66;Frambösie;0;0
A67;Pinta [Carate];-999;-999
A68;Rückfallfieber;-999;-999
A69;Sonstige Spirochäteninfektionen;52;263
A70;Infektionen durch Chlamydia psittaci;0;0
A71;Trachom;0;0
A74;Sonstige Krankheiten durch Chlamydien;-999;-999
A75;Fleckfieber;0;0
A77;Zeckenbissfieber [Rickettsiosen, durch Zecken übertragen];0;0
A78;Q-Fieber;0;0
A79;Sonstige Rickettsiosen;0;0
A80;Akute Poliomyelitis [Spinale Kinderlähmung];0;0
A81;Atypische Virusinfektionen des Zentralnervensystems;6;13
A82;Tollwut [Rabies];0;0
A83;Virusenzephalitis, durch Moskitos [Stechmücken] übertragen;0;0
A84;Virusenzephalitis, durch Zecken übertragen;-999;-999
A85;Sonstige Virusenzephalitis, anderenorts nicht klassifiziert;0;0
A86;Virusenzephalitis, nicht näher bezeichnet;2;2
A87;Virusmeningitis;8;15
A88;Sonstige Virusinfektionen des Zentralnervensystems, anderenorts nicht klassifiziert;0;0
A89;Virusinfektion des Zentralnervensystems, nicht näher bezeichnet;0;0
A90;Dengue-Fieber [Klassische Dengue];-999;-999
A91;Hämorrhagisches Dengue-Fieber;0;0
A92;Sonstige durch Moskitos [Stechmücken] übertragene Viruskrankheiten;-999;-999
A93;Sonstige durch Arthropoden übertragene Viruskrankheiten, anderenorts nicht klassifiziert;0;0
A94;Durch Arthropoden übertragene Viruskrankheit, nicht näher bezeichnet;0;0
A95;Gelbfieber;0;0
A96;Hämorrhagisches Fieber durch Arenaviren;0;0
A98;Sonstige hämorrhagische Viruskrankheiten, anderenorts nicht klassifiziert;0;0
A99;Nicht näher bezeichnete hämorrhagische Viruskrankheit;0;0
B00;Infektionen durch Herpesviren [Herpes simplex];12;20
B01;Varizellen [Windpocken];3;3
B02;Zoster [Herpes zoster];51;148
B03;Pocken;0;0
B04;Affenpocken;0;0
B05;Masern;0;0
B06;Röteln [Rubeola] [Rubella];0;0
B07;Viruswarzen;32;325
B08;Sonstige Virusinfektionen, die durch Haut- und Schleimhautläsionen gekennzeichnet sind, anderenorts nicht klassifiziert;24;116
B09;Nicht näher bezeichnete Virusinfektion, die durch Haut- und Schleimhautläsionen gekennzeichnet ist;-999;-999
B15;Akute Virushepatitis A;2;2
B16;Akute Virushepatitis B;6;7
B17;Sonstige akute Virushepatitis;3;4
B18;Chronische Virushepatitis;12;313
B19;Nicht näher bezeichnete Virushepatitis;-999;-999
B20;Infektiöse und parasitäre Krankheiten infolge HIV-Krankheit [Humane Immundefizienz-Viruskrankheit];5;170
B21;Bösartige Neubildungen infolge HIV-Krankheit [Humane Immundefizienz-Viruskrankheit];5;91
B22;Sonstige näher bezeichnete Krankheiten infolge HIV-Krankheit [Humane Immundefizienz-Viruskrankheit];6;206
B23;Sonstige Krankheitszustände infolge HIV-Krankheit [Humane Immundefizienz-Viruskrankheit];5;910
B24;Nicht näher bezeichnete HIV-Krankheit [Humane Immundefizienz-Viruskrankheit];9;1272
B25;Zytomegalie;12;19
B26;Mumps;0;0
B27;Infektiöse Mononukleose;15;20
B30;Viruskonjunktivitis;0;0
B33;Sonstige Viruskrankheiten, anderenorts nicht klassifiziert;2;6
B34;Viruskrankheit nicht näher bezeichneter Lokalisation;13;20
B35;Dermatophytose [Tinea];22;66
B36;Sonstige oberflächliche Mykosen;-999;-999
B37;Kandidose;10;15
B38;Kokzidioidomykose;0;0
B39;Histoplasmose;0;0
B40;Blastomykose;-999;-999
B41;Parakokzidioidomykose;0;0
B42;Sporotrichose;0;0
B43;Chromomykose und chromomykotischer Abszess;0;0
B44;Aspergillose;3;52
B45;Kryptokokkose;0;0
B46;Zygomykose;-999;-999
B47;Myzetom;0;0
B48;Sonstige Mykosen, anderenorts nicht klassifiziert;0;0
B49;Nicht näher bezeichnete Mykose;-999;-999
B50;Malaria tropica durch Plasmodium falciparum;-999;-999
B51;Malaria tertiana durch Plasmodium vivax;-999;-999
B52;Malaria quartana durch Plasmodium malariae;0;0
B53;Sonstige parasitologisch bestätigte Malaria;0;0
B54;Malaria, nicht näher bezeichnet;0;0
B55;Leishmaniose;7;11
B56;Afrikanische Trypanosomiasis;0;0
B57;Chagas-Krankheit;0;0
B58;Toxoplasmose;2;7
B59;Pneumozystose;3;6
B60;Sonstige Protozoenkrankheiten, anderenorts nicht klassifiziert;0;0
B64;Nicht näher bezeichnete Protozoenkrankheit;0;0
B65;Schistosomiasis [Bilharziose];-999;-999
B66;Befall durch sonstige Trematoden [Egel];0;0
B67;Echinokokkose;3;6
B68;Taeniasis;0;0
B69;Zystizerkose;0;0
B70;Diphyllobothriose und Sparganose;0;0
B71;Befall durch sonstige Zestoden;-999;-999
B72;Drakunkulose;0;0
B73;Onchozerkose;0;0
B74;Filariose;0;0
B75;Trichinellose;0;0
B76;Hakenwurm-Krankheit;0;0
B77;Askaridose;-999;-999
B78;Strongyloidiasis;0;0
B79;Trichuriasis;0;0
B80;Enterobiasis;-999;-999
B81;Sonstige intestinale Helminthosen, anderenorts nicht klassifiziert;0;0
B82;Nicht näher bezeichneter intestinaler Parasitismus;0;0
B83;Sonstige Helminthosen;2;3
B85;Pedikulose [Läusebefall] und Phthiriasis [Filzläusebefall];0;0
B86;Skabies;14;51
B87;Myiasis;0;0
B88;Sonstiger Parasitenbefall der Haut;4;4
B89;Nicht näher bezeichnete parasitäre Krankheit;0;0
B90;Folgezustände der Tuberkulose;0;0
B91;Folgezustände der Poliomyelitis;2;2
B92;Folgezustände der Lepra;0;0
B94;Folgezustände sonstiger und nicht näher bezeichneter infektiöser und parasitärer Krankheiten;0;0
B95;Streptokokken und Staphylokokken als Ursache von Krankheiten, die in anderen Kapiteln klassifiziert sind;0;0
B96;Sonstige näher bezeichnete Bakterien als Ursache von Krankheiten, die in anderen Kapiteln klassifiziert sind;0;0
B97;Viren als Ursache von Krankheiten, die in anderen Kapiteln klassifiziert sind;0;0
B98;Sonstige näher bezeichnete infektiöse Erreger als Ursache von Krankheiten, die in anderen Kapiteln klassifiziert sind;0;0
B99;Sonstige und nicht näher bezeichnete Infektionskrankheiten;22;133
C00;Bösartige Neubildung der Lippe;17;50
C01;Bösartige Neubildung des Zungengrundes;32;241
C02;Bösartige Neubildung sonstiger und nicht näher bezeichneter Teile der Zunge;31;266
C03;Bösartige Neubildung des Zahnfleisches;15;127
C04;Bösartige Neubildung des Mundbodens;37;464
C05;Bösartige Neubildung des Gaumens;19;130
C06;Bösartige Neubildung sonstiger und nicht näher bezeichneter Teile des Mundes;14;32
C07;Bösartige Neubildung der Parotis;29;166
C08;Bösartige Neubildung sonstiger und nicht näher bezeichneter großer Speicheldrüsen;11;44
C09;Bösartige Neubildung der Tonsille;39;318
C10;Bösartige Neubildung des Oropharynx;43;635
C11;Bösartige Neubildung des Nasopharynx;33;225
C12;Bösartige Neubildung des Recessus piriformis;5;19
C13;Bösartige Neubildung des Hypopharynx;48;527
C14;Bösartige Neubildung sonstiger und ungenau bezeichneter Lokalisationen der Lippe, der Mundhöhle und des Pharynx;13;40
C15;Bösartige Neubildung des Ösophagus;80;1733
C16;Bösartige Neubildung des Magens;98;3516
C17;Bösartige Neubildung des Dünndarmes;53;528
C18;Bösartige Neubildung des Kolons;122;5903
C19;Bösartige Neubildung am Rektosigmoid, Übergang;51;409
C20;Bösartige Neubildung des Rektums;108;5656
C21;Bösartige Neubildung des Anus und des Analkanals;46;339
C22;Bösartige Neubildung der Leber und der intrahepatischen Gallengänge;75;1633
C23;Bösartige Neubildung der Gallenblase;45;236
C24;Bösartige Neubildung sonstiger und nicht näher bezeichneter Teile der Gallenwege;60;734
C25;Bösartige Neubildung des Pankreas;92;5536
C26;Bösartige Neubildung sonstiger und ungenau bezeichneter Verdauungsorgane;17;40
C30;Bösartige Neubildung der Nasenhöhle und des Mittelohres;14;74
C31;Bösartige Neubildung der Nasennebenhöhlen;30;189
C32;Bösartige Neubildung des Larynx;44;594
C33;Bösartige Neubildung der Trachea;8;14
C34;Bösartige Neubildung der Bronchien und der Lunge;108;12897
C37;Bösartige Neubildung des Thymus;25;108
C38;Bösartige Neubildung des Herzens, des Mediastinums und der Pleura;36;87
C39;Bösartige Neubildung sonstiger und ungenau bezeichneter Lokalisationen des Atmungssystems und sonstiger intrathorakaler Organe;-999;-999
C40;Bösartige Neubildung des Knochens und des Gelenkknorpels der Extremitäten;37;772
C41;Bösartige Neubildung des Knochens und des Gelenkknorpels sonstiger und nicht näher bezeichneter Lokalisationen;47;864
C43;Bösartiges Melanom der Haut;63;4412
C44;Sonstige bösartige Neubildungen der Haut;60;2862
C45;Mesotheliom;55;570
C46;Kaposi-Sarkom [Sarcoma idiopathicum multiplex haemorrhagicum];21;55
C47;Bösartige Neubildung der peripheren Nerven und des autonomen Nervensystems;37;769
C48;Bösartige Neubildung des Retroperitoneums und des Peritoneums;50;224
C49;Bösartige Neubildung sonstigen Bindegewebes und anderer Weichteilgewebe;76;1960
C50;Bösartige Neubildung der Brustdrüse [Mamma];106;23298
C51;Bösartige Neubildung der Vulva;32;173
C52;Bösartige Neubildung der Vagina;20;62
C53;Bösartige Neubildung der Cervix uteri;63;834
C54;Bösartige Neubildung des Corpus uteri;71;883
C55;Bösartige Neubildung des Uterus, Teil nicht näher bezeichnet;16;32
C56;Bösartige Neubildung des Ovars;90;3865
C57;Bösartige Neubildung sonstiger und nicht näher bezeichneter weiblicher Genitalorgane;37;228
C58;Bösartige Neubildung der Plazenta;4;5
C60;Bösartige Neubildung des Penis;16;25
C61;Bösartige Neubildung der Prostata;89;3016
C62;Bösartige Neubildung des Hodens;65;640
C63;Bösartige Neubildung sonstiger und nicht näher bezeichneter männlicher Genitalorgane;14;19
C64;Bösartige Neubildung der Niere, ausgenommen Nierenbecken;80;1134
C65;Bösartige Neubildung des Nierenbeckens;37;176
C66;Bösartige Neubildung des Ureters;19;69
C67;Bösartige Neubildung der Harnblase;79;1140
C68;Bösartige Neubildung sonstiger und nicht näher bezeichneter Harnorgane;31;131
C69;Bösartige Neubildung des Auges und der Augenanhangsgebilde;40;211
C70;Bösartige Neubildung der Meningen;7;27
C71;Bösartige Neubildung des Gehirns;73;4180
C72;Bösartige Neubildung des Rückenmarkes, der Hirnnerven und anderer Teile des Zentralnervensystems;25;238
C73;Bösartige Neubildung der Schilddrüse;41;214
C74;Bösartige Neubildung der Nebenniere;39;620
C75;Bösartige Neubildung sonstiger endokriner Drüsen und verwandter Strukturen;36;316
C76;Bösartige Neubildung sonstiger und ungenau bezeichneter Lokalisationen;30;90
C77;Sekundäre und nicht näher bezeichnete bösartige Neubildung der Lymphknoten;48;465
C78;Sekundäre bösartige Neubildung der Atmungs- und Verdauungsorgane;72;1069
C79;Sekundäre bösartige Neubildung an sonstigen und nicht näher bezeichneten Lokalisationen;87;1911
C80;Bösartige Neubildung ohne Angabe der Lokalisation;87;1298
C81;Hodgkin-Lymphom [Lymphogranulomatose];78;2610
C82;Follikuläres Lymphom;84;1980
C83;Nicht follikuläres Lymphom;95;4297
C84;Reifzellige T/NK-Zell-Lymphome;70;1274
C85;Sonstige und nicht näher bezeichnete Typen des Non-Hodgkin-Lymphoms;89;2335
C86;Weitere spezifizierte T/NK-Zell-Lymphome;37;135
C88;Bösartige immunproliferative Krankheiten;60;474
C90;Plasmozytom und bösartige Plasmazellen-Neubildungen;92;7614
C91;Lymphatische Leukämie;87;7506
C92;Myeloische Leukämie;74;4570
C93;Monozytenleukämie;46;531
C94;Sonstige Leukämien näher bezeichneten Zelltyps;31;100
C95;Leukämie nicht näher bezeichneten Zelltyps;19;134
C96;Sonstige und nicht näher bezeichnete bösartige Neubildungen des lymphatischen, blutbildenden und verwandten Gewebes;34;530
C97;Bösartige Neubildungen als Primärtumoren an mehreren Lokalisationen;0;0
D00;Carcinoma in situ der Mundhöhle, des Ösophagus und des Magens;7;20
D01;Carcinoma in situ sonstiger und nicht näher bezeichneter Verdauungsorgane;6;6
D02;Carcinoma in situ des Mittelohres und des Atmungssystems;2;2
D03;Melanoma in situ;23;194
D04;Carcinoma in situ der Haut;26;729
D05;Carcinoma in situ der Brustdrüse [Mamma];9;53
D06;Carcinoma in situ der Cervix uteri;3;8
D07;Carcinoma in situ sonstiger und nicht näher bezeichneter Genitalorgane;12;84
D09;Carcinoma in situ sonstiger und nicht näher bezeichneter Lokalisationen;4;4
D10;Gutartige Neubildung des Mundes und des Pharynx;11;26
D11;Gutartige Neubildung der großen Speicheldrüsen;5;16
D12;Gutartige Neubildung des Kolons, des Rektums, des Analkanals und des Anus;17;25
D13;Gutartige Neubildung sonstiger und ungenau bezeichneter Teile des Verdauungssystems;16;67
D14;Gutartige Neubildung des Mittelohres und des Atmungssystems;7;14
D15;Gutartige Neubildung sonstiger und nicht näher bezeichneter intrathorakaler Organe;13;24
D16;Gutartige Neubildung des Knochens und des Gelenkknorpels;26;47
D17;Gutartige Neubildung des Fettgewebes;30;162
D18;Hämangiom und Lymphangiom;54;357
D19;Gutartige Neubildung des mesothelialen Gewebes;2;2
D20;Gutartige Neubildung des Weichteilgewebes des Retroperitoneums und des Peritoneums;2;2
D21;Sonstige gutartige Neubildungen des Bindegewebes und anderer Weichteilgewebe;24;85
D22;Melanozytennävus;32;1353
D23;Sonstige gutartige Neubildungen der Haut;33;292
D24;Gutartige Neubildung der Brustdrüse [Mamma];7;26
D25;Leiomyom des Uterus;5;7
D26;Sonstige gutartige Neubildungen des Uterus;0;0
D27;Gutartige Neubildung des Ovars;15;30
D28;Gutartige Neubildung sonstiger und nicht näher bezeichneter weiblicher Genitalorgane;6;15
D29;Gutartige Neubildung der männlichen Genitalorgane;12;22
D30;Gutartige Neubildung der Harnorgane;3;3
D31;Gutartige Neubildung des Auges und der Augenanhangsgebilde;10;18
D32;Gutartige Neubildung der Meningen;34;822
D33;Gutartige Neubildung des Gehirns und anderer Teile des Zentralnervensystems;38;641
D34;Gutartige Neubildung der Schilddrüse;2;10
D35;Gutartige Neubildung sonstiger und nicht näher bezeichneter endokriner Drüsen;31;408
D36;Gutartige Neubildung an sonstigen und nicht näher bezeichneten Lokalisationen;28;104
D37;Neubildung unsicheren oder unbekannten Verhaltens der Mundhöhle und der Verdauungsorgane;50;379
D38;Neubildung unsicheren oder unbekannten Verhaltens des Mittelohres, der Atmungsorgane und der intrathorakalen Organe;40;190
D39;Neubildung unsicheren oder unbekannten Verhaltens der weiblichen Genitalorgane;19;35
D40;Neubildung unsicheren oder unbekannten Verhaltens der männlichen Genitalorgane;9;73
D41;Neubildung unsicheren oder unbekannten Verhaltens der Harnorgane;19;31
D42;Neubildung unsicheren oder unbekannten Verhaltens der Meningen;-999;-999
D43;Neubildung unsicheren oder unbekannten Verhaltens des Gehirns und des Zentralnervensystems;43;222
D44;Neubildung unsicheren oder unbekannten Verhaltens der endokrinen Drüsen;36;228
D45;Polycythaemia vera;32;332
D46;Myelodysplastische Syndrome;74;3218
D47;Sonstige Neubildungen unsicheren oder unbekannten Verhaltens des lymphatischen, blutbildenden und verwandten Gewebes;68;1031
D48;Neubildung unsicheren oder unbekannten Verhaltens an sonstigen und nicht näher bezeichneten Lokalisationen;65;1523
D50;Eisenmangelanämie;80;320
D51;Vitamin-B12-Mangelanämie;12;20
D52;Folsäure-Mangelanämie;5;13
D53;Sonstige alimentäre Anämien;10;22
D55;Anämie durch Enzymdefekte;10;52
D56;Thalassämie;34;1058
D57;Sichelzellenkrankheiten;24;280
D58;Sonstige hereditäre hämolytische Anämien;26;102
D59;Erworbene hämolytische Anämien;48;198
D60;Erworbene isolierte aplastische Anämie [Erythroblastopenie] [pure red cell aplasia];9;34
D61;Sonstige aplastische Anämien;57;1433
D62;Akute Blutungsanämie;15;26
D63;Anämie bei chronischen, anderenorts klassifizierten Krankheiten;0;0
D64;Sonstige Anämien;65;501
D65;Disseminierte intravasale Gerinnung [Defibrinationssyndrom];-999;-999
D66;Hereditärer Faktor-VIII-Mangel;16;42
D67;Hereditärer Faktor-IX-Mangel;3;6
D68;Sonstige Koagulopathien;46;231
D69;Purpura und sonstige hämorrhagische Diathesen;74;1088
D70;Agranulozytose und Neutropenie;34;155
D71;Funktionelle Störungen der neutrophilen Granulozyten;12;29
D72;Sonstige Krankheiten der Leukozyten;29;42
D73;Krankheiten der Milz;10;12
D74;Methämoglobinämie;0;0
D75;Sonstige Krankheiten des Blutes und der blutbildenden Organe;31;81
D76;Bestimmte Krankheiten mit Beteiligung des lymphoretikulären Gewebes und des retikulohistiozytären Systems;29;158
D77;Sonstige Krankheiten des Blutes und der blutbildenden Organe bei anderenorts klassifizierten Krankheiten;0;0
D80;Immundefekt mit vorherrschendem Antikörpermangel;41;777
D81;Kombinierte Immundefekte;19;70
D82;Immundefekt in Verbindung mit anderen schweren Defekten;14;50
D83;Variabler Immundefekt [common variable immunodeficiency];16;102
D84;Sonstige Immundefekte;26;95
D86;Sarkoidose;46;156
D89;Sonstige Störungen mit Beteiligung des Immunsystems, anderenorts nicht klassifiziert;16;34
D90;Immunkompromittierung nach Bestrahlung, Chemotherapie und sonstigen immunsuppressiven Maßnahmen;5;9
E00;Angeborenes Jodmangelsyndrom;0;0
E01;Jodmangelbedingte Schilddrüsenkrankheiten und verwandte Zustände;2;12
E02;Subklinische Jodmangel-Hypothyreose;-999;-999
E03;Sonstige Hypothyreose;28;169
E04;Sonstige nichttoxische Struma;19;145
E05;Hyperthyreose [Thyreotoxikose];22;391
E06;Thyreoiditis;25;236
E07;Sonstige Krankheiten der Schilddrüse;8;11
E10;Diabetes mellitus, Typ 1;57;1935
E11;Diabetes mellitus, Typ 2;135;3303
E12;Diabetes mellitus in Verbindung mit Fehl- oder Mangelernährung [Malnutrition];-999;-999
E13;Sonstiger näher bezeichneter Diabetes mellitus;32;85
E14;Nicht näher bezeichneter Diabetes mellitus;23;327
E15;Hypoglykämisches Koma, nichtdiabetisch;-999;-999
E16;Sonstige Störungen der inneren Sekretion des Pankreas;21;80
E20;Hypoparathyreoidismus;5;9
E21;Hyperparathyreoidismus und sonstige Krankheiten der Nebenschilddrüse;15;48
E22;Überfunktion der Hypophyse;14;88
E23;Unterfunktion und andere Störungen der Hypophyse;38;755
E24;Cushing-Syndrom;9;37
E25;Adrenogenitale Störungen;16;91
E26;Hyperaldosteronismus;14;68
E27;Sonstige Krankheiten der Nebenniere;21;85
E28;Ovarielle Dysfunktion;21;67
E29;Testikuläre Dysfunktion;9;18
E30;Pubertätsstörungen, anderenorts nicht klassifiziert;26;239
E31;Polyglanduläre Dysfunktion;4;6
E32;Krankheiten des Thymus;2;2
E34;Sonstige endokrine Störungen;43;942
E35;Störungen der endokrinen Drüsen bei anderenorts klassifizierten Krankheiten;0;0
E40;Kwashiorkor;0;0
E41;Alimentärer Marasmus;8;20
E42;Kwashiorkor-Marasmus;0;0
E43;Nicht näher bezeichnete erhebliche Energie- und Eiweißmangelernährung;5;7
E44;Energie- und Eiweißmangelernährung mäßigen und leichten Grades;5;16
E45;Entwicklungsverzögerung durch Energie- und Eiweißmangelernährung;5;17
E46;Nicht näher bezeichnete Energie- und Eiweißmangelernährung;10;18
E50;Vitamin-A-Mangel;0;0
E51;Thiaminmangel [Vitamin-B1-Mangel];5;5
E52;Niazinmangel [Pellagra];0;0
E53;Mangel an sonstigen Vitaminen des Vitamin-B-Komplexes;20;25
E54;Ascorbinsäuremangel;0;0
E55;Vitamin-D-Mangel;11;28
E56;Sonstige Vitaminmangelzustände;4;7
E58;Alimentärer Kalziummangel;0;0
E59;Alimentärer Selenmangel;0;0
E60;Alimentärer Zinkmangel;-999;-999
E61;Mangel an sonstigen Spurenelementen;13;37
E63;Sonstige alimentäre Mangelzustände;2;2
E64;Folgen von Mangelernährung oder sonstigen alimentären Mangelzuständen;-999;-999
E65;Lokalisierte Adipositas;4;6
E66;Adipositas;61;1594
E67;Sonstige Überernährung;-999;-999
E68;Folgen der Überernährung;0;0
E70;Störungen des Stoffwechsels aromatischer Aminosäuren;11;75
E71;Störungen des Stoffwechsels verzweigter Aminosäuren und des Fettsäurestoffwechsels;16;104
E72;Sonstige Störungen des Aminosäurestoffwechsels;14;81
E73;Laktoseintoleranz;32;320
E74;Sonstige Störungen des Kohlenhydratstoffwechsels;35;683
E75;Störungen des Sphingolipidstoffwechsels und sonstige Störungen der Lipidspeicherung;19;135
E76;Störungen des Glykosaminoglykan-Stoffwechsels;23;189
E77;Störungen des Glykoproteinstoffwechsels;3;12
E78;Störungen des Lipoproteinstoffwechsels und sonstige Lipidämien;24;815
E79;Störungen des Purin- und Pyrimidinstoffwechsels;5;10
E80;Störungen des Porphyrin- und Bilirubinstoffwechsels;17;50
E83;Störungen des Mineralstoffwechsels;46;370
E84;Zystische Fibrose;31;726
E85;Amyloidose;27;165
E86;Volumenmangel;36;155
E87;Sonstige Störungen des Wasser- und Elektrolythaushaltes sowie des Säure-Basen-Gleichgewichts;35;54
E88;Sonstige Stoffwechselstörungen;27;98
E89;Endokrine und Stoffwechselstörungen nach medizinischen Maßnahmen, anderenorts nicht klassifiziert;11;55
E90;Ernährungs- und Stoffwechselstörungen bei anderenorts klassifizierten Krankheiten;0;0
F00;Demenz bei Alzheimer-Krankheit;0;0
F01;Vaskuläre Demenz;73;347
F02;Demenz bei anderenorts klassifizierten Krankheiten;0;0
F03;Nicht näher bezeichnete Demenz;73;375
F04;Organisches amnestisches Syndrom, nicht durch Alkohol oder andere psychotrope Substanzen bedingt;2;15
F05;Delir, nicht durch Alkohol oder andere psychotrope Substanzen bedingt;21;34
F06;Andere psychische Störungen aufgrund einer Schädigung oder Funktionsstörung des Gehirns oder einer körperlichen Krankheit;65;570
F07;Persönlichkeits- und Verhaltensstörung aufgrund einer Krankheit, Schädigung oder Funktionsstörung des Gehirns;15;47
F09;Nicht näher bezeichnete organische oder symptomatische psychische Störung;2;2
F10;Psychische und Verhaltensstörungen durch Alkohol;14;31
F11;Psychische und Verhaltensstörungen durch Opioide;4;27
F12;Psychische und Verhaltensstörungen durch Cannabinoide;0;0
F13;Psychische und Verhaltensstörungen durch Sedativa oder Hypnotika;2;2
F14;Psychische und Verhaltensstörungen durch Kokain;-999;-999
F15;Psychische und Verhaltensstörungen durch andere Stimulanzien, einschließlich Koffein;0;0
F16;Psychische und Verhaltensstörungen durch Halluzinogene;0;0
F17;Psychische und Verhaltensstörungen durch Tabak;-999;-999
F18;Psychische und Verhaltensstörungen durch flüchtige Lösungsmittel;0;0
F19;Psychische und Verhaltensstörungen durch multiplen Substanzgebrauch und Konsum anderer psychotroper Substanzen;4;4
F20;Schizophrenie;5;6
F21;Schizotype Störung;0;0
F22;Anhaltende wahnhafte Störungen;7;8
F23;Akute vorübergehende psychotische Störungen;-999;-999
F24;Induzierte wahnhafte Störung;0;0
F25;Schizoaffektive Störungen;3;6
F28;Sonstige nichtorganische psychotische Störungen;0;0
F29;Nicht näher bezeichnete nichtorganische Psychose;0;0
F30;Manische Episode;-999;-999
F31;Bipolare affektive Störung;12;15
F32;Depressive Episode;105;502
F33;Rezidivierende depressive Störung;47;124
F34;Anhaltende affektive Störungen;8;8
F38;Andere affektive Störungen;0;0
F39;Nicht näher bezeichnete affektive Störung;0;0
F40;Phobische Störungen;16;24
F41;Andere Angststörungen;56;159
F42;Zwangsstörung;6;9
F43;Reaktionen auf schwere Belastungen und Anpassungsstörungen;51;239
F44;Dissoziative Störungen [Konversionsstörungen];18;45
F45;Somatoforme Störungen;99;10514
F48;Andere neurotische Störungen;14;30
F50;Essstörungen;22;297
F51;Nichtorganische Schlafstörungen;30;172
F52;Sexuelle Funktionsstörungen, nicht verursacht durch eine organische Störung oder Krankheit;2;6
F53;Psychische oder Verhaltensstörungen im Wochenbett, anderenorts nicht klassifiziert;0;0
F54;Psychologische Faktoren oder Verhaltensfaktoren bei anderenorts klassifizierten Krankheiten;12;43
F55;Schädlicher Gebrauch von nichtabhängigkeitserzeugenden Substanzen;0;0
F59;Nicht näher bezeichnete Verhaltensauffälligkeiten bei körperlichen Störungen und Faktoren;2;2
F60;Spezifische Persönlichkeitsstörungen;6;7
F61;Kombinierte und andere Persönlichkeitsstörungen;2;2
F62;Andauernde Persönlichkeitsänderungen, nicht Folge einer Schädigung oder Krankheit des Gehirns;13;31
F63;Abnorme Gewohnheiten und Störungen der Impulskontrolle;2;2
F64;Störungen der Geschlechtsidentität;-999;-999
F65;Störungen der Sexualpräferenz;0;0
F66;Psychische und Verhaltensstörungen in Verbindung mit der sexuellen Entwicklung und Orientierung;0;0
F68;Andere Persönlichkeits- und Verhaltensstörungen;3;4
F69;Nicht näher bezeichnete Persönlichkeits- und Verhaltensstörung;0;0
F70;Leichte Intelligenzminderung;9;10
F71;Mittelgradige Intelligenzminderung;5;6
F72;Schwere Intelligenzminderung;-999;-999
F73;Schwerste Intelligenzminderung;0;0
F74;Dissoziierte Intelligenz;3;3
F78;Andere Intelligenzminderung;0;0
F79;Nicht näher bezeichnete Intelligenzminderung;4;6
F80;Umschriebene Entwicklungsstörungen des Sprechens und der Sprache;27;2308
F81;Umschriebene Entwicklungsstörungen schulischer Fertigkeiten;10;35
F82;Umschriebene Entwicklungsstörung der motorischen Funktionen;25;122
F83;Kombinierte umschriebene Entwicklungsstörungen;31;694
F84;Tief greifende Entwicklungsstörungen;28;104
F88;Andere Entwicklungsstörungen;5;7
F89;Nicht näher bezeichnete Entwicklungsstörung;21;105
F90;Hyperkinetische Störungen;22;91
F91;Störungen des Sozialverhaltens;12;17
F92;Kombinierte Störung des Sozialverhaltens und der Emotionen;6;16
F93;Emotionale Störungen des Kindesalters;9;55
F94;Störungen sozialer Funktionen mit Beginn in der Kindheit und Jugend;5;13
F95;Ticstörungen;26;63
F98;Andere Verhaltens- und emotionale Störungen mit Beginn in der Kindheit und Jugend;37;1059
F99;Psychische Störung ohne nähere Angabe;4;5
G00;Bakterielle Meningitis, anderenorts nicht klassifiziert;6;6
G01;Meningitis bei anderenorts klassifizierten bakteriellen Krankheiten;0;0
G02;Meningitis bei sonstigen anderenorts klassifizierten infektiösen und parasitären Krankheiten;0;0
G03;Meningitis durch sonstige und nicht näher bezeichnete Ursachen;9;21
G04;Enzephalitis, Myelitis und Enzephalomyelitis;35;344
G05;Enzephalitis, Myelitis und Enzephalomyelitis bei anderenorts klassifizierten Krankheiten;0;0
G06;Intrakranielle und intraspinale Abszesse und Granulome;14;18
G07;Intrakranielle und intraspinale Abszesse und Granulome bei anderenorts klassifizierten Krankheiten;0;0
G08;Intrakranielle und intraspinale Phlebitis und Thrombophlebitis;6;9
G09;Folgen entzündlicher Krankheiten des Zentralnervensystems;4;7
G10;Chorea Huntington;5;6
G11;Hereditäre Ataxie;32;113
G12;Spinale Muskelatrophie und verwandte Syndrome;26;195
G13;Systematrophien, vorwiegend das Zentralnervensystem betreffend, bei anderenorts klassifizierten Krankheiten;0;0
G14;Postpolio-Syndrom;2;2
G20;Primäres Parkinson-Syndrom;133;1098
G21;Sekundäres Parkinson-Syndrom;45;77
G22;Parkinson-Syndrom bei anderenorts klassifizierten Krankheiten;0;0
G23;Sonstige degenerative Krankheiten der Basalganglien;27;53
G24;Dystonie;27;355
G25;Sonstige extrapyramidale Krankheiten und Bewegungsstörungen;73;302
G26;Extrapyramidale Krankheiten und Bewegungsstörungen bei anderenorts klassifizierten Krankheiten;0;0
G30;Alzheimer-Krankheit;89;767
G31;Sonstige degenerative Krankheiten des Nervensystems, anderenorts nicht klassifiziert;45;182
G32;Sonstige degenerative Krankheiten des Nervensystems bei anderenorts klassifizierten Krankheiten;0;0
G35;Multiple Sklerose [Encephalomyelitis disseminata];76;3024
G36;Sonstige akute disseminierte Demyelinisation;9;23
G37;Sonstige demyelinisierende Krankheiten des Zentralnervensystems;20;55
G40;Epilepsie;97;1966
G41;Status epilepticus;7;9
G43;Migräne;68;1069
G44;Sonstige Kopfschmerzsyndrome;58;835
G45;Zerebrale transitorische Ischämie und verwandte Syndrome;63;202
G46;Zerebrale Gefäßsyndrome bei zerebrovaskulären Krankheiten;0;0
G47;Schlafstörungen;68;18358
G50;Krankheiten des N. trigeminus [V. Hirnnerv];35;190
G51;Krankheiten des N. facialis [VII. Hirnnerv];40;296
G52;Krankheiten sonstiger Hirnnerven;4;5
G53;Krankheiten der Hirnnerven bei anderenorts klassifizierten Krankheiten;0;0
G54;Krankheiten von Nervenwurzeln und Nervenplexus;40;155
G55;Kompression von Nervenwurzeln und Nervenplexus bei anderenorts klassifizierten Krankheiten;0;0
G56;Mononeuropathien der oberen Extremität;43;289
G57;Mononeuropathien der unteren Extremität;39;220
G58;Sonstige Mononeuropathien;25;77
G59;Mononeuropathie bei anderenorts klassifizierten Krankheiten;0;0
G60;Hereditäre und idiopathische Neuropathie;20;100
G61;Polyneuritis;40;705
G62;Sonstige Polyneuropathien;101;1084
G63;Polyneuropathie bei anderenorts klassifizierten Krankheiten;0;0
G64;Sonstige Krankheiten des peripheren Nervensystems;3;3
G70;Myasthenia gravis und sonstige neuromuskuläre Krankheiten;33;146
G71;Primäre Myopathien;33;172
G72;Sonstige Myopathien;34;127
G73;Krankheiten im Bereich der neuromuskulären Synapse und des Muskels bei anderenorts klassifizierten Krankheiten;0;0
G80;Infantile Zerebralparese;45;486
G81;Hemiparese und Hemiplegie;101;622
G82;Paraparese und Paraplegie, Tetraparese und Tetraplegie;63;278
G83;Sonstige Lähmungssyndrome;43;90
G90;Krankheiten des autonomen Nervensystems;23;41
G91;Hydrozephalus;67;335
G92;Toxische Enzephalopathie;5;5
G93;Sonstige Krankheiten des Gehirns;62;437
G94;Sonstige Krankheiten des Gehirns bei anderenorts klassifizierten Krankheiten;0;0
G95;Sonstige Krankheiten des Rückenmarkes;32;100
G96;Sonstige Krankheiten des Zentralnervensystems;10;14
G97;Krankheiten des Nervensystems nach medizinischen Maßnahmen, anderenorts nicht klassifiziert;10;15
G98;Sonstige Krankheiten des Nervensystems, anderenorts nicht klassifiziert;3;3
G99;Sonstige Krankheiten des Nervensystems bei anderenorts klassifizierten Krankheiten;0;0
H00;Hordeolum und Chalazion;8;175
H01;Sonstige Entzündung des Augenlides;7;14
H02;Sonstige Affektionen des Augenlides;20;255
H03;Affektionen des Augenlides bei anderenorts klassifizierten Krankheiten;0;0
H04;Affektionen des Tränenapparates;10;109
H05;Affektionen der Orbita;7;15
H06;Affektionen des Tränenapparates und der Orbita bei anderenorts klassifizierten Krankheiten;0;0
H10;Konjunktivitis;5;8
H11;Sonstige Affektionen der Konjunktiva;3;32
H13;Affektionen der Konjunktiva bei anderenorts klassifizierten Krankheiten;0;0
H15;Affektionen der Sklera;0;0
H16;Keratitis;4;10
H17;Hornhautnarben und -trübungen;3;21
H18;Sonstige Affektionen der Hornhaut;6;46
H19;Affektionen der Sklera und der Hornhaut bei anderenorts klassifizierten Krankheiten;0;0
H20;Iridozyklitis;13;35
H21;Sonstige Affektionen der Iris und des Ziliarkörpers;4;5
H22;Affektionen der Iris und des Ziliarkörpers bei anderenorts klassifizierten Krankheiten;0;0
H25;Cataracta senilis;5;3282
H26;Sonstige Kataraktformen;2;423
H27;Sonstige Affektionen der Linse;4;16
H28;Katarakt und sonstige Affektionen der Linse bei anderenorts klassifizierten Krankheiten;0;0
H30;Chorioretinitis;5;6
H31;Sonstige Affektionen der Aderhaut;-999;-999
H32;Chorioretinale Affektionen bei anderenorts klassifizierten Krankheiten;0;0
H33;Netzhautablösung und Netzhautriss;5;22
H34;Netzhautgefäßverschluss;4;14
H35;Sonstige Affektionen der Netzhaut;13;5507
H36;Affektionen der Netzhaut bei anderenorts klassifizierten Krankheiten;0;0
H40;Glaukom;8;47
H42;Glaukom bei anderenorts klassifizierten Krankheiten;0;0
H43;Affektionen des Glaskörpers;4;7
H44;Affektionen des Augapfels;4;9
H45;Affektionen des Glaskörpers und des Augapfels bei anderenorts klassifizierten Krankheiten;0;0
H46;Neuritis nervi optici;20;89
H47;Sonstige Affektionen des N. opticus [II. Hirnnerv] und der Sehbahn;21;34
H48;Affektionen des N. opticus [II. Hirnnerv] und der Sehbahn bei anderenorts klassifizierten Krankheiten;0;0
H49;Strabismus paralyticus;26;58
H50;Sonstiger Strabismus;18;44
H51;Sonstige Störungen der Blickbewegungen;7;18
H52;Akkommodationsstörungen und Refraktionsfehler;6;10
H53;Sehstörungen;36;179
H54;Blindheit und Sehbeeinträchtigung;9;13
H55;Nystagmus und sonstige abnorme Augenbewegungen;18;61
H57;Sonstige Affektionen des Auges und der Augenanhangsgebilde;22;41
H58;Sonstige Affektionen des Auges und der Augenanhangsgebilde bei anderenorts klassifizierten Krankheiten;0;0
H59;Affektionen des Auges und der Augenanhangsgebilde nach medizinischen Maßnahmen, anderenorts nicht klassifiziert;-999;-999
H60;Otitis externa;8;9
H61;Sonstige Krankheiten des äußeren Ohres;14;45
H62;Krankheiten des äußeren Ohres bei anderenorts klassifizierten Krankheiten;0;0
H65;Nichteitrige Otitis media;16;138
H66;Eitrige und nicht näher bezeichnete Otitis media;9;49
H67;Otitis media bei anderenorts klassifizierten Krankheiten;0;0
H68;Entzündung und Verschluss der Tuba auditiva;-999;-999
H69;Sonstige Krankheiten der Tuba auditiva;8;35
H70;Mastoiditis und verwandte Zustände;5;7
H71;Cholesteatom des Mittelohres;3;12
H72;Trommelfellperforation;4;6
H73;Sonstige Krankheiten des Trommelfells;2;2
H74;Sonstige Krankheiten des Mittelohres und des Warzenfortsatzes;3;7
H75;Sonstige Krankheiten des Mittelohres und des Warzenfortsatzes bei anderenorts klassifizierten Krankheiten;0;0
H80;Otosklerose;2;3
H81;Störungen der Vestibularfunktion;72;873
H82;Schwindelsyndrome bei anderenorts klassifizierten Krankheiten;0;0
H83;Sonstige Krankheiten des Innenohres;10;72
H90;Hörverlust durch Schallleitungs- oder Schallempfindungsstörung;25;2452
H91;Sonstiger Hörverlust;27;1593
H92;Otalgie und Ohrenfluss;4;6
H93;Sonstige Krankheiten des Ohres, anderenorts nicht klassifiziert;24;2318
H94;Sonstige Krankheiten des Ohres bei anderenorts klassifizierten Krankheiten;0;0
H95;Krankheiten des Ohres und des Warzenfortsatzes nach medizinischen Maßnahmen, anderenorts nicht klassifiziert;2;2
I00;Rheumatisches Fieber ohne Angabe einer Herzbeteiligung;3;4
I01;Rheumatisches Fieber mit Herzbeteiligung;-999;-999
I02;Rheumatische Chorea;0;0
I05;Rheumatische Mitralklappenkrankheiten;0;0
I06;Rheumatische Aortenklappenkrankheiten;-999;-999
I07;Rheumatische Trikuspidalklappenkrankheiten;3;4
I08;Krankheiten mehrerer Herzklappen;5;7
I09;Sonstige rheumatische Herzkrankheiten;0;0
I10;Essentielle (primäre) Hypertonie;95;693
I11;Hypertensive Herzkrankheit;39;183
I12;Hypertensive Nierenkrankheit;3;4
I13;Hypertensive Herz- und Nierenkrankheit;6;7
I15;Sekundäre Hypertonie;8;14
I20;Angina pectoris;26;234
I21;Akuter Myokardinfarkt;71;217
I22;Rezidivierender Myokardinfarkt;0;0
I23;Bestimmte akute Komplikationen nach akutem Myokardinfarkt;-999;-999
I24;Sonstige akute ischämische Herzkrankheit;4;7
I25;Chronische ischämische Herzkrankheit;73;887
I26;Lungenembolie;30;61
I27;Sonstige pulmonale Herzkrankheiten;17;29
I28;Sonstige Krankheiten der Lungengefäße;3;6
I30;Akute Perikarditis;-999;-999
I31;Sonstige Krankheiten des Perikards;12;22
I32;Perikarditis bei anderenorts klassifizierten Krankheiten;0;0
I33;Akute und subakute Endokarditis;7;10
I34;Nichtrheumatische Mitralklappenkrankheiten;24;96
I35;Nichtrheumatische Aortenklappenkrankheiten;45;173
I36;Nichtrheumatische Trikuspidalklappenkrankheiten;3;4
I37;Pulmonalklappenkrankheiten;2;5
I38;Endokarditis, Herzklappe nicht näher bezeichnet;5;5
I39;Endokarditis und Herzklappenkrankheiten bei anderenorts klassifizierten Krankheiten;0;0
I40;Akute Myokarditis;7;11
I41;Myokarditis bei anderenorts klassifizierten Krankheiten;0;0
I42;Kardiomyopathie;29;232
I43;Kardiomyopathie bei anderenorts klassifizierten Krankheiten;0;0
I44;Atrioventrikulärer Block und Linksschenkelblock;25;49
I45;Sonstige kardiale Erregungsleitungsstörungen;10;17
I46;Herzstillstand;3;3
I47;Paroxysmale Tachykardie;22;81
I48;Vorhofflimmern und Vorhofflattern;61;457
I49;Sonstige kardiale Arrhythmien;40;104
I50;Herzinsuffizienz;127;1486
I51;Komplikationen einer Herzkrankheit und ungenau beschriebene Herzkrankheit;15;44
I52;Sonstige Herzkrankheiten bei anderenorts klassifizierten Krankheiten;0;0
I60;Subarachnoidalblutung;15;39
I61;Intrazerebrale Blutung;64;161
I62;Sonstige nichttraumatische intrakranielle Blutung;34;58
I63;Hirninfarkt;129;2006
I64;Schlaganfall, nicht als Blutung oder Infarkt bezeichnet;44;146
I65;Verschluss und Stenose präzerebraler Arterien ohne resultierenden Hirninfarkt;27;313
I66;Verschluss und Stenose zerebraler Arterien ohne resultierenden Hirninfarkt;12;19
I67;Sonstige zerebrovaskuläre Krankheiten;86;521
I68;Zerebrovaskuläre Störungen bei anderenorts klassifizierten Krankheiten;0;0
I69;Folgen einer zerebrovaskulären Krankheit;33;155
I70;Atherosklerose;100;566
I71;Aortenaneurysma und -dissektion;23;124
I72;Sonstiges Aneurysma und sonstige Dissektion;24;79
I73;Sonstige periphere Gefäßkrankheiten;32;208
I74;Arterielle Embolie und Thrombose;18;26
I77;Sonstige Krankheiten der Arterien und Arteriolen;24;77
I78;Krankheiten der Kapillaren;14;264
I79;Krankheiten der Arterien, Arteriolen und Kapillaren bei anderenorts klassifizierten Krankheiten;0;0
I80;Thrombose, Phlebitis und Thrombophlebitis;24;126
I81;Pfortaderthrombose;7;12
I82;Sonstige venöse Embolie und Thrombose;11;22
I83;Varizen der unteren Extremitäten;45;756
I85;Ösophagusvarizen;13;28
I86;Varizen sonstiger Lokalisationen;3;12
I87;Sonstige Venenkrankheiten;23;93
I88;Unspezifische Lymphadenitis;16;35
I89;Sonstige nichtinfektiöse Krankheiten der Lymphgefäße und Lymphknoten;26;55
I95;Hypotonie;40;90
I97;Kreislaufkomplikationen nach medizinischen Maßnahmen, anderenorts nicht klassifiziert;2;2
I98;Sonstige Störungen des Kreislaufsystems bei anderenorts klassifizierten Krankheiten;0;0
I99;Sonstige und nicht näher bezeichnete Krankheiten des Kreislaufsystems;4;5
J00;Akute Rhinopharyngitis [Erkältungsschnupfen];3;3
J01;Akute Sinusitis;6;8
J02;Akute Pharyngitis;5;5
J03;Akute Tonsillitis;6;12
J04;Akute Laryngitis und Tracheitis;5;5
J05;Akute obstruktive Laryngitis [Krupp] und Epiglottitis;-999;-999
J06;Akute Infektionen an mehreren oder nicht näher bezeichneten Lokalisationen der oberen Atemwege;23;77
J09;Grippe durch bestimmte nachgewiesene Influenzaviren;-999;-999
J10;Grippe durch sonstige nachgewiesene Influenzaviren;2;2
J11;Grippe, Viren nicht nachgewiesen;4;5
J12;Viruspneumonie, anderenorts nicht klassifiziert;2;2
J13;Pneumonie durch Streptococcus pneumoniae;-999;-999
J14;Pneumonie durch Haemophilus influenzae;-999;-999
J15;Pneumonie durch Bakterien, anderenorts nicht klassifiziert;15;25
J16;Pneumonie durch sonstige Infektionserreger, anderenorts nicht klassifiziert;3;3
J17;Pneumonie bei anderenorts klassifizierten Krankheiten;0;0
J18;Pneumonie, Erreger nicht näher bezeichnet;71;236
J20;Akute Bronchitis;33;65
J21;Akute Bronchiolitis;4;4
J22;Akute Infektion der unteren Atemwege, nicht näher bezeichnet;6;34
J30;Vasomotorische und allergische Rhinopathie;15;209
J31;Chronische Rhinitis, Rhinopharyngitis und Pharyngitis;8;9
J32;Chronische Sinusitis;17;42
J33;Nasenpolyp;5;6
J34;Sonstige Krankheiten der Nase und der Nasennebenhöhlen;12;62
J35;Chronische Krankheiten der Gaumenmandeln und der Rachenmandel;13;323
J36;Peritonsillarabszess;-999;-999
J37;Chronische Laryngitis und Laryngotracheitis;3;4
J38;Krankheiten der Stimmlippen und des Kehlkopfes, anderenorts nicht klassifiziert;23;195
J39;Sonstige Krankheiten der oberen Atemwege;10;16
J40;Bronchitis, nicht als akut oder chronisch bezeichnet;28;155
J41;Einfache und schleimig-eitrige chronische Bronchitis;7;14
J42;Nicht näher bezeichnete chronische Bronchitis;9;48
J43;Emphysem;9;10
J44;Sonstige chronische obstruktive Lungenkrankheit;108;414
J45;Asthma bronchiale;40;2597
J46;Status asthmaticus;-999;-999
J47;Bronchiektasen;5;8
J60;Kohlenbergarbeiter-Pneumokoniose;0;0
J61;Pneumokoniose durch Asbest und sonstige anorganische Fasern;-999;-999
J62;Pneumokoniose durch Quarzstaub;0;0
J63;Pneumokoniose durch sonstige anorganische Stäube;0;0
J64;Nicht näher bezeichnete Pneumokoniose;0;0
J65;Pneumokoniose in Verbindung mit Tuberkulose;0;0
J66;Krankheit der Atemwege durch spezifischen organischen Staub;-999;-999
J67;Allergische Alveolitis durch organischen Staub;4;6
J68;Krankheiten der Atmungsorgane durch Einatmen von chemischen Substanzen, Gasen, Rauch und Dämpfen;-999;-999
J69;Pneumonie durch feste und flüssige Substanzen;3;3
J70;Krankheiten der Atmungsorgane durch sonstige exogene Substanzen;0;0
J80;Atemnotsyndrom des Erwachsenen [ARDS];2;5
J81;Lungenödem;2;2
J82;Eosinophiles Lungeninfiltrat, anderenorts nicht klassifiziert;3;4
J84;Sonstige interstitielle Lungenkrankheiten;20;60
J85;Abszess der Lunge und des Mediastinums;4;5
J86;Pyothorax;8;11
J90;Pleuraerguss, anderenorts nicht klassifiziert;21;73
J91;Pleuraerguss bei anderenorts klassifizierten Krankheiten;0;0
J92;Pleuraplaques;-999;-999
J93;Pneumothorax;2;2
J94;Sonstige Krankheitszustände der Pleura;5;5
J95;Krankheiten der Atemwege nach medizinischen Maßnahmen, anderenorts nicht klassifiziert;8;70
J96;Respiratorische Insuffizienz, anderenorts nicht klassifiziert;42;732
J98;Sonstige Krankheiten der Atemwege;26;48
J99;Krankheiten der Atemwege bei anderenorts klassifizierten Krankheiten;0;0
K00;Störungen der Zahnentwicklung und des Zahndurchbruchs;4;13
K01;Retinierte und impaktierte Zähne;3;52
K02;Zahnkaries;9;167
K03;Sonstige Krankheiten der Zahnhartsubstanzen;3;3
K04;Krankheiten der Pulpa und des periapikalen Gewebes;2;11
K05;Gingivitis und Krankheiten des Parodonts;5;9
K06;Sonstige Krankheiten der Gingiva und des zahnlosen Alveolarkammes;3;3
K07;Dentofaziale Anomalien [einschließlich fehlerhafter Okklusion];10;101
K08;Sonstige Krankheiten der Zähne und des Zahnhalteapparates;7;55
K09;Zysten der Mundregion, anderenorts nicht klassifiziert;6;12
K10;Sonstige Krankheiten der Kiefer;5;26
K11;Krankheiten der Speicheldrüsen;16;336
K12;Stomatitis und verwandte Krankheiten;13;26
K13;Sonstige Krankheiten der Lippe und der Mundschleimhaut;17;54
K14;Krankheiten der Zunge;10;14
K20;Ösophagitis;25;121
K21;Gastroösophageale Refluxkrankheit;48;621
K22;Sonstige Krankheiten des Ösophagus;36;338
K23;Krankheiten des Ösophagus bei anderenorts klassifizierten Krankheiten;0;0
K25;Ulcus ventriculi;27;42
K26;Ulcus duodeni;23;28
K27;Ulcus pepticum, Lokalisation nicht näher bezeichnet;5;5
K28;Ulcus pepticum jejuni;-999;-999
K29;Gastritis und Duodenitis;69;784
K30;Funktionelle Dyspepsie;10;23
K31;Sonstige Krankheiten des Magens und des Duodenums;21;43
K35;Akute Appendizitis;5;6
K36;Sonstige Appendizitis;-999;-999
K37;Nicht näher bezeichnete Appendizitis;-999;-999
K38;Sonstige Krankheiten der Appendix;-999;-999
K40;Hernia inguinalis;13;24
K41;Hernia femoralis;-999;-999
K42;Hernia umbilicalis;4;7
K43;Hernia ventralis;16;17
K44;Hernia diaphragmatica;15;51
K45;Sonstige abdominale Hernien;0;0
K46;Nicht näher bezeichnete abdominale Hernie;-999;-999
K50;Crohn-Krankheit [Enteritis regionalis] [Morbus Crohn];62;2163
K51;Colitis ulcerosa;53;656
K52;Sonstige nichtinfektiöse Gastroenteritis und Kolitis;52;313
K55;Gefäßkrankheiten des Darmes;9;9
K56;Paralytischer Ileus und intestinale Obstruktion ohne Hernie;40;95
K57;Divertikulose des Darmes;32;72
K58;Reizdarmsyndrom;24;457
K59;Sonstige funktionelle Darmstörungen;50;1529
K60;Fissur und Fistel in der Anal- und Rektalregion;14;31
K61;Abszess in der Anal- und Rektalregion;9;16
K62;Sonstige Krankheiten des Anus und des Rektums;34;155
K63;Sonstige Krankheiten des Darmes;21;52
K64;Hämorrhoiden und Perianalvenenthrombose;13;25
K65;Peritonitis;6;6
K66;Sonstige Krankheiten des Peritoneums;6;10
K67;Krankheiten des Peritoneums bei anderenorts klassifizierten Infektionskrankheiten;0;0
K70;Alkoholische Leberkrankheit;19;63
K71;Toxische Leberkrankheit;14;17
K72;Leberversagen, anderenorts nicht klassifiziert;4;5
K73;Chronische Hepatitis, anderenorts nicht klassifiziert;3;17
K74;Fibrose und Zirrhose der Leber;25;156
K75;Sonstige entzündliche Leberkrankheiten;22;85
K76;Sonstige Krankheiten der Leber;30;182
K77;Leberkrankheiten bei anderenorts klassifizierten Krankheiten;0;0
K80;Cholelithiasis;44;102
K81;Cholezystitis;15;20
K82;Sonstige Krankheiten der Gallenblase;7;8
K83;Sonstige Krankheiten der Gallenwege;20;91
K85;Akute Pankreatitis;23;46
K86;Sonstige Krankheiten des Pankreas;32;176
K87;Krankheiten der Gallenblase, der Gallenwege und des Pankreas bei anderenorts klassifizierten Krankheiten;0;0
K90;Intestinale Malabsorption;44;1050
K91;Krankheiten des Verdauungssystems nach medizinischen Maßnahmen, anderenorts nicht klassifiziert;26;141
K92;Sonstige Krankheiten des Verdauungssystems;40;87
K93;Krankheiten sonstiger Verdauungsorgane bei anderenorts klassifizierten Krankheiten;0;0
L00;Staphylococcal scalded skin syndrome [SSS-Syndrom];0;0
L01;Impetigo;10;14
L02;Hautabszess, Furunkel und Karbunkel;24;83
L03;Phlegmone;25;52
L04;Akute Lymphadenitis;14;19
L05;Pilonidalzyste;15;41
L08;Sonstige lokale Infektionen der Haut und der Unterhaut;18;40
L10;Pemphiguskrankheiten;18;84
L11;Sonstige akantholytische Dermatosen;12;18
L12;Pemphigoidkrankheiten;19;202
L13;Sonstige bullöse Dermatosen;12;22
L14;Bullöse Dermatosen bei anderenorts klassifizierten Krankheiten;0;0
L20;Atopisches [endogenes] Ekzem;58;2281
L21;Seborrhoisches Ekzem;19;94
L22;Windeldermatitis;4;4
L23;Allergische Kontaktdermatitis;28;93
L24;Toxische Kontaktdermatitis;17;54
L25;Nicht näher bezeichnete Kontaktdermatitis;7;13
L26;Exfoliative Dermatitis;0;0
L27;Dermatitis durch oral, enteral oder parenteral aufgenommene Substanzen;20;52
L28;Lichen simplex chronicus und Prurigo;39;486
L29;Pruritus;29;120
L30;Sonstige Dermatitis;47;2584
L40;Psoriasis;73;5395
L41;Parapsoriasis;29;145
L42;Pityriasis rosea;6;6
L43;Lichen ruber planus;43;468
L44;Sonstige papulosquamöse Hautkrankheiten;21;95
L45;Papulosquamöse Hautkrankheiten bei anderenorts klassifizierten Krankheiten;0;0
L50;Urtikaria;41;577
L51;Erythema exsudativum multiforme;7;11
L52;Erythema nodosum;13;30
L53;Sonstige erythematöse Krankheiten;17;33
L54;Erythem bei anderenorts klassifizierten Krankheiten;0;0
L55;Dermatitis solaris acuta;-999;-999
L56;Sonstige akute Hautveränderungen durch Ultraviolettstrahlen;28;93
L57;Hautveränderungen durch chronische Exposition gegenüber nichtionisierender Strahlung;33;1708
L58;Radiodermatitis;3;3
L59;Sonstige Krankheiten der Haut und der Unterhaut durch Strahleneinwirkung;0;0
L60;Krankheiten der Nägel;24;163
L62;Krankheiten der Nägel bei anderenorts klassifizierten Krankheiten;0;0
L63;Alopecia areata;14;101
L64;Alopecia androgenetica;4;6
L65;Sonstiger Haarausfall ohne Narbenbildung;6;8
L66;Narbige Alopezie [Haarausfall mit Narbenbildung];20;43
L67;Anomalien der Haarfarbe und des Haarschaftes;-999;-999
L68;Hypertrichose;16;46
L70;Akne;15;34
L71;Rosazea;22;71
L72;Follikuläre Zysten der Haut und der Unterhaut;29;374
L73;Sonstige Krankheiten der Haarfollikel;28;233
L74;Krankheiten der ekkrinen Schweißdrüsen;-999;-999
L75;Krankheiten der apokrinen Schweißdrüsen;3;4
L80;Vitiligo;9;16
L81;Sonstige Störungen der Hautpigmentierung;20;56
L82;Seborrhoische Keratose;18;63
L83;Acanthosis nigricans;2;2
L84;Hühneraugen und Horn- (Haut-) Schwielen;2;6
L85;Sonstige Epidermisverdickung;27;72
L86;Keratom bei anderenorts klassifizierten Krankheiten;0;0
L87;Störungen der transepidermalen Elimination;10;13
L88;Pyoderma gangraenosum;20;138
L89;Dekubitalgeschwür und Druckzone;12;32
L90;Atrophische Hautkrankheiten;37;150
L91;Hypertrophe Hautkrankheiten;20;109
L92;Granulomatöse Krankheiten der Haut und der Unterhaut;44;218
L93;Lupus erythematodes;42;247
L94;Sonstige lokalisierte Krankheiten des Bindegewebes;40;294
L95;Anderenorts nicht klassifizierte Vaskulitis, die auf die Haut begrenzt ist;18;68
L97;Ulcus cruris, anderenorts nicht klassifiziert;29;1365
L98;Sonstige Krankheiten der Haut und der Unterhaut, anderenorts nicht klassifiziert;39;330
L99;Sonstige Krankheiten der Haut und der Unterhaut bei anderenorts klassifizierten Krankheiten;0;0
M00;Eitrige Arthritis;15;17
M01;Direkte Gelenkinfektionen bei anderenorts klassifizierten infektiösen und parasitären Krankheiten;0;0
M02;Reaktive Arthritiden;18;52
M03;Postinfektiöse und reaktive Arthritiden bei anderenorts klassifizierten Krankheiten;0;0
M05;Seropositive chronische Polyarthritis;45;1089
M06;Sonstige chronische Polyarthritis;93;1451
M07;Arthritis psoriatica und Arthritiden bei gastrointestinalen Grundkrankheiten;0;0
M08;Juvenile Arthritis;46;676
M09;Juvenile Arthritis bei anderenorts klassifizierten Krankheiten;0;0
M10;Gicht;25;57
M11;Sonstige Kristall-Arthropathien;7;9
M12;Sonstige näher bezeichnete Arthropathien;15;17
M13;Sonstige Arthritis;44;217
M14;Arthropathien bei sonstigen anderenorts klassifizierten Krankheiten;0;0
M15;Polyarthrose;86;555
M16;Koxarthrose [Arthrose des Hüftgelenkes];115;546
M17;Gonarthrose [Arthrose des Kniegelenkes];130;706
M18;Rhizarthrose [Arthrose des Daumensattelgelenkes];11;20
M19;Sonstige Arthrose;82;170
M20;Erworbene Deformitäten der Finger und Zehen;3;3
M21;Sonstige erworbene Deformitäten der Extremitäten;16;34
M22;Krankheiten der Patella;9;11
M23;Binnenschädigung des Kniegelenkes [internal derangement];12;16
M24;Sonstige näher bezeichnete Gelenkschädigungen;19;26
M25;Sonstige Gelenkkrankheiten, anderenorts nicht klassifiziert;96;869
M30;Panarteriitis nodosa und verwandte Zustände;19;73
M31;Sonstige nekrotisierende Vaskulopathien;56;366
M32;Systemischer Lupus erythematodes;43;370
M33;Dermatomyositis-Polymyositis;41;144
M34;Systemische Sklerose;55;806
M35;Sonstige Krankheiten mit Systembeteiligung des Bindegewebes;91;718
M36;Systemkrankheiten des Bindegewebes bei anderenorts klassifizierten Krankheiten;0;0
M40;Kyphose und Lordose;12;38
M41;Skoliose;34;188
M42;Osteochondrose der Wirbelsäule;47;178
M43;Sonstige Deformitäten der Wirbelsäule und des Rückens;41;452
M45;Spondylitis ankylosans;44;613
M46;Sonstige entzündliche Spondylopathien;53;209
M47;Spondylose;117;846
M48;Sonstige Spondylopathien;149;1486
M49;Spondylopathien bei anderenorts klassifizierten Krankheiten;0;0
M50;Zervikale Bandscheibenschäden;39;164
M51;Sonstige Bandscheibenschäden;116;572
M53;Sonstige Krankheiten der Wirbelsäule und des Rückens, anderenorts nicht klassifiziert;80;840
M54;Rückenschmerzen;178;5024
M60;Myositis;15;37
M61;Kalzifikation und Ossifikation von Muskeln;2;2
M62;Sonstige Muskelkrankheiten;73;556
M63;Muskelkrankheiten bei anderenorts klassifizierten Krankheiten;0;0
M65;Synovitis und Tenosynovitis;13;25
M66;Spontanruptur der Synovialis und von Sehnen;2;2
M67;Sonstige Krankheiten der Synovialis und der Sehnen;10;14
M68;Krankheiten der Synovialis und der Sehnen bei anderenorts klassifizierten Krankheiten;0;0
M70;Krankheiten des Weichteilgewebes im Zusammenhang mit Beanspruchung, Überbeanspruchung und Druck;18;26
M71;Sonstige Bursopathien;13;17
M72;Fibromatosen;22;74
M73;Krankheiten des Weichteilgewebes bei anderenorts klassifizierten Krankheiten;0;0
M75;Schulterläsionen;43;168
M76;Enthesopathien der unteren Extremität mit Ausnahme des Fußes;12;19
M77;Sonstige Enthesopathien;26;43
M79;Sonstige Krankheiten des Weichteilgewebes, anderenorts nicht klassifiziert;114;2920
M80;Osteoporose mit pathologischer Fraktur;97;412
M81;Osteoporose ohne pathologische Fraktur;68;270
M82;Osteoporose bei anderenorts klassifizierten Krankheiten;0;0
M83;Osteomalazie im Erwachsenenalter;0;0
M84;Veränderungen der Knochenkontinuität;35;64
M85;Sonstige Veränderungen der Knochendichte und -struktur;16;24
M86;Osteomyelitis;38;120
M87;Knochennekrose;32;46
M88;Osteodystrophia deformans [Paget-Krankheit];6;14
M89;Sonstige Knochenkrankheiten;43;1100
M90;Osteopathien bei anderenorts klassifizierten Krankheiten;0;0
M91;Juvenile Osteochondrose der Hüfte und des Beckens;8;11
M92;Sonstige juvenile Osteochondrosen;2;3
M93;Sonstige Osteochondropathien;11;14
M94;Sonstige Knorpelkrankheiten;10;20
M95;Sonstige erworbene Deformitäten des Muskel-Skelett-Systems und des Bindegewebes;9;12
M96;Krankheiten des Muskel-Skelett-Systems nach medizinischen Maßnahmen, anderenorts nicht klassifiziert;60;451
M99;Biomechanische Funktionsstörungen, anderenorts nicht klassifiziert;18;33
N00;Akutes nephritisches Syndrom;5;5
N01;Rapid-progressives nephritisches Syndrom;2;3
N02;Rezidivierende und persistierende Hämaturie;5;8
N03;Chronisches nephritisches Syndrom;5;5
N04;Nephrotisches Syndrom;18;69
N05;Nicht näher bezeichnetes nephritisches Syndrom;11;23
N06;Isolierte Proteinurie mit Angabe morphologischer Veränderungen;-999;-999
N07;Hereditäre Nephropathie, anderenorts nicht klassifiziert;2;2
N08;Glomeruläre Krankheiten bei anderenorts klassifizierten Krankheiten;0;0
N10;Akute tubulointerstitielle Nephritis;20;42
N11;Chronische tubulointerstitielle Nephritis;2;6
N12;Tubulointerstitielle Nephritis, nicht als akut oder chronisch bezeichnet;12;33
N13;Obstruktive Uropathie und Refluxuropathie;40;1008
N14;Arzneimittel- und schwermetallinduzierte tubulointerstitielle und tubuläre Krankheitszustände;0;0
N15;Sonstige tubulointerstitielle Nierenkrankheiten;-999;-999
N16;Tubulointerstitielle Nierenkrankheiten bei anderenorts klassifizierten Krankheiten;0;0
N17;Akutes Nierenversagen;33;57
N18;Chronische Nierenkrankheit;120;5454
N19;Nicht näher bezeichnete Niereninsuffizienz;12;18
N20;Nieren- und Ureterstein;18;350
N21;Stein in den unteren Harnwegen;3;3
N22;Harnstein bei anderenorts klassifizierten Krankheiten;0;0
N23;Nicht näher bezeichnete Nierenkolik;4;4
N25;Krankheiten infolge Schädigung der tubulären Nierenfunktion;5;18
N26;Schrumpfniere, nicht näher bezeichnet;3;3
N27;Kleine Niere unbekannter Ursache;5;11
N28;Sonstige Krankheiten der Niere und des Ureters, anderenorts nicht klassifiziert;29;222
N29;Sonstige Krankheiten der Niere und des Ureters bei anderenorts klassifizierten Krankheiten;0;0
N30;Zystitis;23;216
N31;Neuromuskuläre Dysfunktion der Harnblase, anderenorts nicht klassifiziert;28;2422
N32;Sonstige Krankheiten der Harnblase;12;65
N33;Krankheiten der Harnblase bei anderenorts klassifizierten Krankheiten;0;0
N34;Urethritis und urethrales Syndrom;6;7
N35;Harnröhrenstriktur;10;17
N36;Sonstige Krankheiten der Harnröhre;5;12
N37;Krankheiten der Harnröhre bei anderenorts klassifizierten Krankheiten;0;0
N39;Sonstige Krankheiten des Harnsystems;64;1320
N40;Prostatahyperplasie;7;90
N41;Entzündliche Krankheiten der Prostata;2;8
N42;Sonstige Krankheiten der Prostata;3;4
N43;Hydrozele und Spermatozele;3;3
N44;Hodentorsion und Hydatidentorsion;0;0
N45;Orchitis und Epididymitis;3;3
N46;Sterilität beim Mann;4;45
N47;Vorhauthypertrophie, Phimose und Paraphimose;8;15
N48;Sonstige Krankheiten des Penis;27;158
N49;Entzündliche Krankheiten der männlichen Genitalorgane, anderenorts nicht klassifiziert;-999;-999
N50;Sonstige Krankheiten der männlichen Genitalorgane;6;8
N51;Krankheiten der männlichen Genitalorgane bei anderenorts klassifizierten Krankheiten;0;0
N60;Gutartige Mammadysplasie [Brustdrüsendysplasie];4;14
N61;Entzündliche Krankheiten der Mamma [Brustdrüse];4;11
N62;Hypertrophie der Mamma [Brustdrüse];16;33
N63;Nicht näher bezeichnete Knoten in der Mamma [Brustdrüse];-999;-999
N64;Sonstige Krankheiten der Mamma [Brustdrüse];9;27
N70;Salpingitis und Oophoritis;-999;-999
N71;Entzündliche Krankheit des Uterus, ausgenommen der Zervix;0;0
N72;Entzündliche Krankheit der Cervix uteri;0;0
N73;Sonstige entzündliche Krankheiten im weiblichen Becken;0;0
N74;Entzündung im weiblichen Becken bei anderenorts klassifizierten Krankheiten;0;0
N75;Krankheiten der Bartholin-Drüsen;-999;-999
N76;Sonstige entzündliche Krankheit der Vagina und Vulva;8;23
N77;Vulvovaginale Ulzeration und Entzündung bei anderenorts klassifizierten Krankheiten;0;0
N80;Endometriose;3;5
N81;Genitalprolaps bei der Frau;4;96
N82;Fisteln mit Beteiligung des weiblichen Genitaltraktes;3;5
N83;Nichtentzündliche Krankheiten des Ovars, der Tuba uterina und des Lig. latum uteri;9;11
N84;Polyp des weiblichen Genitaltraktes;2;17
N85;Sonstige nichtentzündliche Krankheiten des Uterus, ausgenommen der Zervix;2;8
N86;Erosion und Ektropium der Cervix uteri;2;3
N87;Dysplasie der Cervix uteri;2;17
N88;Sonstige nichtentzündliche Krankheiten der Cervix uteri;3;10
N89;Sonstige nichtentzündliche Krankheiten der Vagina;7;26
N90;Sonstige nichtentzündliche Krankheiten der Vulva und des Perineums;9;70
N91;Ausgebliebene, zu schwache oder zu seltene Menstruation;14;27
N92;Zu starke, zu häufige oder unregelmäßige Menstruation;3;5
N93;Sonstige abnorme Uterus- oder Vaginalblutung;4;5
N94;Schmerz und andere Zustände im Zusammenhang mit den weiblichen Genitalorganen und dem Menstruationszyklus;7;8
N95;Klimakterische Störungen;6;13
N96;Neigung zu habituellem Abort;0;0
N97;Sterilität der Frau;-999;-999
N98;Komplikationen im Zusammenhang mit künstlicher Befruchtung;0;0
N99;Krankheiten des Urogenitalsystems nach medizinischen Maßnahmen, anderenorts nicht klassifiziert;9;11
O00;Extrauteringravidität;6;9
O01;Blasenmole;5;10
O02;Sonstige abnorme Konzeptionsprodukte;4;25
O03;Spontanabort;2;2
O04;Ärztlich eingeleiteter Abort;-999;-999
O05;Sonstiger Abort;0;0
O06;Nicht näher bezeichneter Abort;-999;-999
O07;Misslungene Aborteinleitung;0;0
O08;Komplikationen nach Abort, Extrauteringravidität und Molenschwangerschaft;-999;-999
O09;Schwangerschaftsdauer;0;0
O10;Vorher bestehende Hypertonie, die Schwangerschaft, Geburt und Wochenbett kompliziert;0;0
O11;Vorher bestehende chronische Hypertonie mit aufgepfropfter Präeklampsie, die Schwangerschaft, Geburt und Wochenbett kompliziert;0;0
O12;Gestationsödeme und Gestationsproteinurie [schwangerschaftsinduziert] ohne Hypertonie;0;0
O13;Gestationshypertonie [schwangerschaftsinduzierte Hypertonie];0;0
O14;Präeklampsie;-999;-999
O15;Eklampsie;-999;-999
O16;Nicht näher bezeichnete Hypertonie der Mutter;0;0
O20;Blutung in der Frühschwangerschaft;0;0
O21;Übermäßiges Erbrechen während der Schwangerschaft;0;0
O22;Venenkrankheiten und Hämorrhoiden als Komplikationen in der Schwangerschaft;0;0
O23;Infektionen des Urogenitaltraktes in der Schwangerschaft;-999;-999
O24;Diabetes mellitus in der Schwangerschaft;9;352
O25;Fehl- und Mangelernährung in der Schwangerschaft;0;0
O26;Betreuung der Mutter bei sonstigen Zuständen, die vorwiegend mit der Schwangerschaft verbunden sind;3;6
O28;Abnorme Befunde bei der Screeninguntersuchung der Mutter zur pränatalen Diagnostik;0;0
O29;Komplikationen bei Anästhesie in der Schwangerschaft;0;0
O30;Mehrlingsschwangerschaft;0;0
O31;Komplikationen, die für eine Mehrlingsschwangerschaft spezifisch sind;0;0
O32;Betreuung der Mutter bei festgestellter oder vermuteter Lage- und Einstellungsanomalie des Feten;3;191
O33;Betreuung der Mutter bei festgestelltem oder vermutetem Missverhältnis zwischen Fetus und Becken;0;0
O34;Betreuung der Mutter bei festgestellter oder vermuteter Anomalie der Beckenorgane;-999;-999
O35;Betreuung der Mutter bei festgestellter oder vermuteter Anomalie oder Schädigung des Feten;-999;-999
O36;Betreuung der Mutter wegen sonstiger festgestellter oder vermuteter Komplikationen beim Feten;-999;-999
O40;Polyhydramnion;0;0
O41;Sonstige Veränderungen des Fruchtwassers und der Eihäute;0;0
O42;Vorzeitiger Blasensprung;0;0
O43;Pathologische Zustände der Plazenta;0;0
O44;Placenta praevia;0;0
O45;Vorzeitige Plazentalösung [Abruptio placentae];0;0
O46;Präpartale Blutung, anderenorts nicht klassifiziert;-999;-999
O47;Frustrane Kontraktionen [Unnütze Wehen];-999;-999
O48;Übertragene Schwangerschaft;0;0
O60;Vorzeitige Wehen und Entbindung;-999;-999
O61;Misslungene Geburtseinleitung;0;0
O62;Abnorme Wehentätigkeit;0;0
O63;Protrahierte Geburt;0;0
O64;Geburtshindernis durch Lage-, Haltungs- und Einstellungsanomalien des Feten;2;6
O65;Geburtshindernis durch Anomalie des mütterlichen Beckens;0;0
O66;Sonstiges Geburtshindernis;0;0
O67;Komplikationen bei Wehen und Entbindung durch intrapartale Blutung, anderenorts nicht klassifiziert;0;0
O68;Komplikationen bei Wehen und Entbindung durch fetalen Distress [fetal distress] [fetaler Gefahrenzustand];0;0
O69;Komplikationen bei Wehen und Entbindung durch Nabelschnurkomplikationen;0;0
O70;Dammriss unter der Geburt;-999;-999
O71;Sonstige Verletzungen unter der Geburt;0;0
O72;Postpartale Blutung;2;2
O73;Retention der Plazenta und der Eihäute ohne Blutung;-999;-999
O74;Komplikationen bei Anästhesie während der Wehentätigkeit und bei der Entbindung;0;0
O75;Sonstige Komplikationen bei Wehentätigkeit und Entbindung, anderenorts nicht klassifiziert;0;0
O80;Spontangeburt eines Einlings;0;0
O81;Geburt eines Einlings durch Zangen- oder Vakuumextraktion;0;0
O82;Geburt eines Einlings durch Schnittentbindung [Sectio caesarea];0;0
O85;Puerperalfieber;0;0
O86;Sonstige Wochenbettinfektionen;0;0
O87;Venenkrankheiten und Hämorrhoiden als Komplikationen im Wochenbett;0;0
O88;Embolie während der Gestationsperiode;0;0
O89;Komplikationen bei Anästhesie im Wochenbett;0;0
O90;Wochenbettkomplikationen, anderenorts nicht klassifiziert;3;6
O91;Infektionen der Mamma [Brustdrüse] im Zusammenhang mit der Gestation;0;0
O92;Sonstige Krankheiten der Mamma [Brustdrüse] im Zusammenhang mit der Gestation und Laktationsstörungen;0;0
O94;Folgen von Komplikationen während Schwangerschaft, Geburt und Wochenbett;0;0
O95;Sterbefall während der Gestationsperiode nicht näher bezeichneter Ursache;0;0
O96;Tod infolge jeder gestationsbedingten Ursache nach mehr als 42 Tagen bis unter einem Jahr nach der Entbindung;0;0
O97;Tod an den Folgen gestationsbedingter Ursachen;0;0
O98;Infektiöse und parasitäre Krankheiten der Mutter, die anderenorts klassifizierbar sind, die jedoch Schwangerschaft, Geburt und Wochenbett komplizieren;3;18
O99;Sonstige Krankheiten der Mutter, die anderenorts klassifizierbar sind, die jedoch Schwangerschaft, Geburt und Wochenbett komplizieren;7;22
P00;Schädigung des Feten und Neugeborenen durch Zustände der Mutter, die zur vorliegenden Schwangerschaft keine Beziehung haben müssen;-999;-999
P01;Schädigung des Feten und Neugeborenen durch mütterliche Schwangerschaftskomplikationen;0;0
P02;Schädigung des Feten und Neugeborenen durch Komplikationen von Plazenta, Nabelschnur und Eihäuten;2;2
P03;Schädigung des Feten und Neugeborenen durch sonstige Komplikationen bei Wehen und Entbindung;0;0
P04;Schädigung des Feten und Neugeborenen durch Noxen, die transplazentar oder mit der Muttermilch übertragen werden;0;0
P05;Intrauterine Mangelentwicklung und fetale Mangelernährung;0;0
P07;Störungen im Zusammenhang mit kurzer Schwangerschaftsdauer und niedrigem Geburtsgewicht, anderenorts nicht klassifiziert;11;33
P08;Störungen im Zusammenhang mit langer Schwangerschaftsdauer und hohem Geburtsgewicht;0;0
P10;Intrakranielle Verletzung und Blutung durch Geburtsverletzung;0;0
P11;Sonstige Geburtsverletzungen des Zentralnervensystems;0;0
P12;Geburtsverletzung der behaarten Kopfhaut;-999;-999
P13;Geburtsverletzung des Skeletts;-999;-999
P14;Geburtsverletzung des peripheren Nervensystems;-999;-999
P15;Sonstige Geburtsverletzungen;0;0
P20;Intrauterine Hypoxie;3;3
P21;Asphyxie unter der Geburt;4;6
P22;Atemnot [Respiratory distress] beim Neugeborenen;4;5
P23;Angeborene Pneumonie;0;0
P24;Aspirationssyndrome beim Neugeborenen;0;0
P25;Interstitielles Emphysem und verwandte Zustände mit Ursprung in der Perinatalperiode;0;0
P26;Lungenblutung mit Ursprung in der Perinatalperiode;0;0
P27;Chronische Atemwegskrankheit mit Ursprung in der Perinatalperiode;4;6
P28;Sonstige Störungen der Atmung mit Ursprung in der Perinatalperiode;6;20
P29;Kardiovaskuläre Krankheiten mit Ursprung in der Perinatalperiode;2;2
P35;Angeborene Viruskrankheiten;5;12
P36;Bakterielle Sepsis beim Neugeborenen;0;0
P37;Sonstige angeborene infektiöse und parasitäre Krankheiten;-999;-999
P38;Omphalitis beim Neugeborenen mit oder ohne leichte Blutung;0;0
P39;Sonstige Infektionen, die für die Perinatalperiode spezifisch sind;0;0
P50;Fetaler Blutverlust;0;0
P51;Nabelblutung beim Neugeborenen;0;0
P52;Intrakranielle nichttraumatische Blutung beim Feten und Neugeborenen;2;2
P53;Hämorrhagische Krankheit beim Feten und Neugeborenen;0;0
P54;Sonstige Blutungen beim Neugeborenen;0;0
P55;Hämolytische Krankheit beim Feten und Neugeborenen;-999;-999
P56;Hydrops fetalis durch hämolytische Krankheit;0;0
P57;Kernikterus;0;0
P58;Neugeborenenikterus durch sonstige gesteigerte Hämolyse;-999;-999
P59;Neugeborenenikterus durch sonstige und nicht näher bezeichnete Ursachen;8;14
P60;Disseminierte intravasale Gerinnung beim Feten und Neugeborenen;0;0
P61;Sonstige hämatologische Krankheiten in der Perinatalperiode;0;0
P70;Transitorische Störungen des Kohlenhydratstoffwechsels, die für den Feten und das Neugeborene spezifisch sind;-999;-999
P71;Transitorische Störungen des Kalzium- und Magnesiumstoffwechsels beim Neugeborenen;-999;-999
P72;Sonstige transitorische endokrine Krankheiten beim Neugeborenen;0;0
P74;Sonstige transitorische Störungen des Elektrolythaushaltes und des Stoffwechsels beim Neugeborenen;0;0
P75;Mekoniumileus bei zystischer Fibrose;0;0
P76;Sonstiger Darmverschluss beim Neugeborenen;0;0
P77;Enterocolitis necroticans beim Feten und Neugeborenen;2;4
P78;Sonstige Krankheiten des Verdauungssystems in der Perinatalperiode;0;0
P80;Hypothermie beim Neugeborenen;0;0
P81;Sonstige Störungen der Temperaturregulation beim Neugeborenen;0;0
P83;Sonstige Krankheitszustände mit Beteiligung der Haut, die für den Feten und das Neugeborene spezifisch sind;2;2
P90;Krämpfe beim Neugeborenen;5;7
P91;Sonstige zerebrale Störungen beim Neugeborenen;6;9
P92;Ernährungsprobleme beim Neugeborenen;4;6
P93;Reaktionen und Intoxikationen durch Arzneimittel oder Drogen, die dem Feten und Neugeborenen verabreicht wurden;0;0
P94;Störungen des Muskeltonus beim Neugeborenen;9;18
P95;Fetaltod nicht näher bezeichneter Ursache;0;0
P96;Sonstige Zustände, die ihren Ursprung in der Perinatalperiode haben;-999;-999
Q00;Anenzephalie und ähnliche Fehlbildungen;2;2
Q01;Enzephalozele;3;3
Q02;Mikrozephalie;20;60
Q03;Angeborener Hydrozephalus;24;87
Q04;Sonstige angeborene Fehlbildungen des Gehirns;32;89
Q05;Spina bifida;28;269
Q06;Sonstige angeborene Fehlbildungen des Rückenmarks;19;52
Q07;Sonstige angeborene Fehlbildungen des Nervensystems;14;28
Q10;Angeborene Fehlbildungen des Augenlides, des Tränenapparates und der Orbita;9;43
Q11;Anophthalmus, Mikrophthalmus und Makrophthalmus;2;2
Q12;Angeborene Fehlbildungen der Linse;4;4
Q13;Angeborene Fehlbildungen des vorderen Augenabschnittes;10;13
Q14;Angeborene Fehlbildung des hinteren Augenabschnittes;3;3
Q15;Sonstige angeborene Fehlbildungen des Auges;7;19
Q16;Angeborene Fehlbildungen des Ohres, die eine Beeinträchtigung des Hörvermögens verursachen;3;3
Q17;Sonstige angeborene Fehlbildungen des Ohres;9;32
Q18;Sonstige angeborene Fehlbildungen des Gesichtes und des Halses;14;33
Q20;Angeborene Fehlbildungen der Herzhöhlen und verbindender Strukturen;9;71
Q21;Angeborene Fehlbildungen der Herzsepten;17;298
Q22;Angeborene Fehlbildungen der Pulmonal- und der Trikuspidalklappe;8;45
Q23;Angeborene Fehlbildungen der Aorten- und der Mitralklappe;7;116
Q24;Sonstige angeborene Fehlbildungen des Herzens;10;41
Q25;Angeborene Fehlbildungen der großen Arterien;15;102
Q26;Angeborene Fehlbildungen der großen Venen;5;10
Q27;Sonstige angeborene Fehlbildungen des peripheren Gefäßsystems;12;20
Q28;Sonstige angeborene Fehlbildungen des Kreislaufsystems;18;54
Q30;Angeborene Fehlbildungen der Nase;2;3
Q31;Angeborene Fehlbildungen des Kehlkopfes;-999;-999
Q32;Angeborene Fehlbildungen der Trachea und der Bronchien;7;8
Q33;Angeborene Fehlbildungen der Lunge;11;15
Q34;Sonstige angeborene Fehlbildungen des Atmungssystems;4;8
Q35;Gaumenspalte;3;7
Q36;Lippenspalte;2;2
Q37;Gaumenspalte mit Lippenspalte;6;30
Q38;Sonstige angeborene Fehlbildungen der Zunge, des Mundes und des Rachens;7;12
Q39;Angeborene Fehlbildungen des Ösophagus;13;30
Q40;Sonstige angeborene Fehlbildungen des oberen Verdauungstraktes;3;3
Q41;Angeborene(s) Fehlen, Atresie und Stenose des Dünndarmes;-999;-999
Q42;Angeborene(s) Fehlen, Atresie und Stenose des Dickdarmes;10;81
Q43;Sonstige angeborene Fehlbildungen des Darmes;17;85
Q44;Angeborene Fehlbildungen der Gallenblase, der Gallengänge und der Leber;9;26
Q45;Sonstige angeborene Fehlbildungen des Verdauungssystems;3;3
Q50;Angeborene Fehlbildungen der Ovarien, der Tubae uterinae und der Ligg. lata uteri;2;5
Q51;Angeborene Fehlbildungen des Uterus und der Cervix uteri;0;0
Q52;Sonstige angeborene Fehlbildungen der weiblichen Genitalorgane;9;18
Q53;Nondescensus testis;10;13
Q54;Hypospadie;9;11
Q55;Sonstige angeborene Fehlbildungen der männlichen Genitalorgane;7;8
Q56;Unbestimmtes Geschlecht und Pseudohermaphroditismus;2;3
Q60;Nierenagenesie und sonstige Reduktionsdefekte der Niere;18;97
Q61;Zystische Nierenkrankheit;22;196
Q62;Angeborene obstruktive Defekte des Nierenbeckens und angeborene Fehlbildungen des Ureters;37;911
Q63;Sonstige angeborene Fehlbildungen der Niere;24;155
Q64;Sonstige angeborene Fehlbildungen des Harnsystems;20;88
Q65;Angeborene Deformitäten der Hüfte;8;12
Q66;Angeborene Deformitäten der Füße;17;37
Q67;Angeborene Muskel-Skelett-Deformitäten des Kopfes, des Gesichtes, der Wirbelsäule und des Thorax;16;28
Q68;Sonstige angeborene Muskel-Skelett-Deformitäten;5;6
Q69;Polydaktylie;5;6
Q70;Syndaktylie;-999;-999
Q71;Reduktionsdefekte der oberen Extremität;-999;-999
Q72;Reduktionsdefekte der unteren Extremität;6;8
Q73;Reduktionsdefekte nicht näher bezeichneter Extremität(en);0;0
Q74;Sonstige angeborene Fehlbildungen der Extremität(en);9;17
Q75;Sonstige angeborene Fehlbildungen der Schädel- und Gesichtsschädelknochen;26;117
Q76;Angeborene Fehlbildungen der Wirbelsäule und des knöchernen Thorax;16;54
Q77;Osteochondrodysplasie mit Wachstumsstörungen der Röhrenknochen und der Wirbelsäule;14;25
Q78;Sonstige Osteochondrodysplasien;29;154
Q79;Angeborene Fehlbildungen des Muskel-Skelett-Systems, anderenorts nicht klassifiziert;9;21
Q80;Ichthyosis congenita;12;13
Q81;Epidermolysis bullosa;8;139
Q82;Sonstige angeborene Fehlbildungen der Haut;50;467
Q83;Angeborene Fehlbildungen der Mamma [Brustdrüse];0;0
Q84;Sonstige angeborene Fehlbildungen des Integumentes;5;8
Q85;Phakomatosen, anderenorts nicht klassifiziert;51;389
Q86;Angeborene Fehlbildungssyndrome durch bekannte äußere Ursachen, anderenorts nicht klassifiziert;3;3
Q87;Sonstige näher bezeichnete angeborene Fehlbildungssyndrome mit Beteiligung mehrerer Systeme;29;117
Q89;Sonstige angeborene Fehlbildungen, anderenorts nicht klassifiziert;15;19
Q90;Down-Syndrom;16;27
Q91;Edwards-Syndrom und Patau-Syndrom;0;0
Q92;Sonstige Trisomien und partielle Trisomien der Autosomen, anderenorts nicht klassifiziert;2;2
Q93;Monosomien und Deletionen der Autosomen, anderenorts nicht klassifiziert;11;16
Q95;Balancierte Chromosomen-Rearrangements und Struktur-Marker, anderenorts nicht klassifiziert;0;0
Q96;Turner-Syndrom;12;59
Q97;Sonstige Anomalien der Gonosomen bei weiblichem Phänotyp, anderenorts nicht klassifiziert;2;2
Q98;Sonstige Anomalien der Gonosomen bei männlichem Phänotyp, anderenorts nicht klassifiziert;5;7
Q99;Sonstige Chromosomenanomalien, anderenorts nicht klassifiziert;9;20
R00;Störungen des Herzschlages;26;81
R01;Herzgeräusche und andere Herz-Schallphänomene;7;22
R02;Gangrän, anderenorts nicht klassifiziert;5;6
R03;Abnormer Blutdruckwert ohne Diagnose;2;2
R04;Blutung aus den Atemwegen;14;68
R05;Husten;23;66
R06;Störungen der Atmung;78;1020
R07;Hals- und Brustschmerzen;32;598
R09;Sonstige Symptome, die das Kreislaufsystem und das Atmungssystem betreffen;10;42
R10;Bauch- und Beckenschmerzen;72;2858
R11;Übelkeit und Erbrechen;49;199
R12;Sodbrennen;5;14
R13;Dysphagie;48;340
R14;Flatulenz und verwandte Zustände;16;37
R15;Stuhlinkontinenz;26;334
R16;Hepatomegalie und Splenomegalie, anderenorts nicht klassifiziert;16;35
R17;Gelbsucht, nicht näher bezeichnet;2;2
R18;Aszites;20;127
R19;Sonstige Symptome, die das Verdauungssystem und das Abdomen betreffen;20;58
R20;Sensibilitätsstörungen der Haut;42;570
R21;Hautausschlag und sonstige unspezifische Hauteruptionen;12;15
R22;Lokalisierte Schwellung, Raumforderung und Knoten der Haut und der Unterhaut;27;72
R23;Sonstige Hautveränderungen;18;28
R25;Abnorme unwillkürliche Bewegungen;32;89
R26;Störungen des Ganges und der Mobilität;167;9227
R27;Sonstige Koordinationsstörungen;32;48
R29;Sonstige Symptome, die das Nervensystem und das Muskel-Skelett-System betreffen;111;576
R30;Schmerzen beim Wasserlassen;4;8
R31;Nicht näher bezeichnete Hämaturie;17;62
R32;Nicht näher bezeichnete Harninkontinenz;25;619
R33;Harnverhaltung;8;20
R34;Anurie und Oligurie;0;0
R35;Polyurie;6;9
R36;Ausfluss aus der Harnröhre;0;0
R39;Sonstige Symptome, die das Harnsystem betreffen;27;170
R40;Somnolenz, Sopor und Koma;8;10
R41;Sonstige Symptome, die das Erkennungsvermögen und das Bewusstsein betreffen;28;96
R42;Schwindel und Taumel;108;1344
R43;Störungen des Geruchs- und Geschmackssinnes;6;8
R44;Sonstige Symptome, die die Sinneswahrnehmungen und das Wahrnehmungsvermögen betreffen;5;5
R45;Symptome, die die Stimmung betreffen;11;14
R46;Symptome, die das äußere Erscheinungsbild und das Verhalten betreffen;6;21
R47;Sprech- und Sprachstörungen, anderenorts nicht klassifiziert;36;193
R48;Dyslexie und sonstige Werkzeugstörungen, anderenorts nicht klassifiziert;4;7
R49;Störungen der Stimme;6;111
R50;Fieber sonstiger und unbekannter Ursache;20;62
R51;Kopfschmerz;64;788
R52;Schmerz, anderenorts nicht klassifiziert;108;1252
R53;Unwohlsein und Ermüdung;50;192
R54;Senilität;9;12
R55;Synkope und Kollaps;77;415
R56;Krämpfe, anderenorts nicht klassifiziert;41;366
R57;Schock, anderenorts nicht klassifiziert;4;5
R58;Blutung, anderenorts nicht klassifiziert;2;2
R59;Lymphknotenvergrößerung;47;182
R60;Ödem, anderenorts nicht klassifiziert;8;12
R61;Hyperhidrose;15;56
R62;Ausbleiben der erwarteten normalen physiologischen Entwicklung;43;462
R63;Symptome, die die Nahrungs- und Flüssigkeitsaufnahme betreffen;60;158
R64;Kachexie;10;13
R65;Systemisches inflammatorisches Response-Syndrom [SIRS];0;0
R68;Sonstige Allgemeinsymptome;12;46
R69;Unbekannte und nicht näher bezeichnete Krankheitsursachen;3;19
R70;Beschleunigte Blutkörperchensenkungsreaktion und Veränderungen der Plasmaviskosität;-999;-999
R71;Veränderung der Erythrozyten;-999;-999
R72;Veränderung der Leukozyten, anderenorts nicht klassifiziert;4;8
R73;Erhöhter Blutglukosewert;22;259
R74;Abnorme Serumenzymwerte;24;63
R75;Laborhinweis auf Humanes Immundefizienz-Virus [HIV];0;0
R76;Sonstige abnorme immunologische Serumbefunde;3;3
R77;Sonstige Veränderungen der Plasmaproteine;4;7
R78;Nachweis von Drogen und anderen Substanzen, die normalerweise nicht im Blut vorhanden sind;0;0
R79;Sonstige abnorme Befunde der Blutchemie;5;34
R80;Isolierte Proteinurie;9;17
R81;Glukosurie;-999;-999
R82;Sonstige abnorme Urinbefunde;2;4
R83;Abnorme Liquorbefunde;6;6
R84;Abnorme Befunde in Untersuchungsmaterialien aus Atemwegen und Thorax;0;0
R85;Abnorme Befunde in Untersuchungsmaterialien aus Verdauungsorganen und Bauchhöhle;-999;-999
R86;Abnorme Befunde in Untersuchungsmaterialien aus den männlichen Genitalorganen;0;0
R87;Abnorme Befunde in Untersuchungsmaterialien aus den weiblichen Genitalorganen;-999;-999
R89;Abnorme Befunde in Untersuchungsmaterialien aus anderen Körperorganen, -systemen und -geweben;4;4
R90;Abnorme Befunde bei der bildgebenden Diagnostik des Zentralnervensystems;13;29
R91;Abnorme Befunde bei der bildgebenden Diagnostik der Lunge;17;153
R92;Abnorme Befunde bei der bildgebenden Diagnostik der Mamma [Brustdrüse];2;40
R93;Abnorme Befunde bei der bildgebenden Diagnostik sonstiger Körperstrukturen;17;94
R94;Abnorme Ergebnisse von Funktionsprüfungen;32;148
R95;Plötzlicher Kindstod;0;0
R96;Sonstiger plötzlicher Tod unbekannter Ursache;0;0
R98;Tod ohne Anwesenheit anderer Personen;0;0
R99;Sonstige ungenau oder nicht näher bezeichnete Todesursachen;0;0
S00;Oberflächliche Verletzung des Kopfes;11;32
S01;Offene Wunde des Kopfes;14;86
S02;Fraktur des Schädels und der Gesichtsschädelknochen;25;117
S03;Luxation, Verstauchung und Zerrung von Gelenken und Bändern des Kopfes;3;9
S04;Verletzung von Hirnnerven;-999;-999
S05;Verletzung des Auges und der Orbita;6;19
S06;Intrakranielle Verletzung;77;752
S07;Zerquetschung des Kopfes;0;0
S08;Traumatische Amputation von Teilen des Kopfes;-999;-999
S09;Sonstige und nicht näher bezeichnete Verletzungen des Kopfes;6;32
S10;Oberflächliche Verletzung des Halses;4;4
S11;Offene Wunde des Halses;0;0
S12;Fraktur im Bereich des Halses;12;60
S13;Luxation, Verstauchung und Zerrung von Gelenken und Bändern in Halshöhe;6;15
S14;Verletzung der Nerven und des Rückenmarkes in Halshöhe;7;7
S15;Verletzung von Blutgefäßen in Halshöhe;-999;-999
S16;Verletzung von Muskeln und Sehnen in Halshöhe;-999;-999
S17;Zerquetschung des Halses;0;0
S18;Traumatische Amputation in Halshöhe;0;0
S19;Sonstige und nicht näher bezeichnete Verletzungen des Halses;0;0
S20;Oberflächliche Verletzung des Thorax;14;22
S21;Offene Wunde des Thorax;0;0
S22;Fraktur der Rippe(n), des Sternums und der Brustwirbelsäule;78;252
S23;Luxation, Verstauchung und Zerrung von Gelenken und Bändern im Bereich des Thorax;-999;-999
S24;Verletzung der Nerven und des Rückenmarkes in Thoraxhöhe;0;0
S25;Verletzung von Blutgefäßen des Thorax;0;0
S26;Verletzung des Herzens;0;0
S27;Verletzung sonstiger und nicht näher bezeichneter intrathorakaler Organe;4;4
S28;Zerquetschung des Thorax und traumatische Amputation von Teilen des Thorax;0;0
S29;Sonstige und nicht näher bezeichnete Verletzungen des Thorax;0;0
S30;Oberflächliche Verletzung des Abdomens, der Lumbosakralgegend und des Beckens;31;41
S31;Offene Wunde des Abdomens, der Lumbosakralgegend und des Beckens;4;9
S32;Fraktur der Lendenwirbelsäule und des Beckens;116;727
S33;Luxation, Verstauchung und Zerrung von Gelenken und Bändern der Lendenwirbelsäule und des Beckens;2;2
S34;Verletzung der Nerven und des lumbalen Rückenmarkes in Höhe des Abdomens, der Lumbosakralgegend und des Beckens;3;3
S35;Verletzung von Blutgefäßen in Höhe des Abdomens, der Lumbosakralgegend und des Beckens;0;0
S36;Verletzung von intraabdominalen Organen;11;12
S37;Verletzung der Harnorgane und der Beckenorgane;-999;-999
S38;Zerquetschung und traumatische Amputation von Teilen des Abdomens, der Lumbosakralgegend und des Beckens;0;0
S39;Sonstige und nicht näher bezeichnete Verletzungen des Abdomens, der Lumbosakralgegend und des Beckens;-999;-999
S40;Oberflächliche Verletzung der Schulter und des Oberarmes;9;9
S41;Offene Wunde der Schulter und des Oberarmes;0;0
S42;Fraktur im Bereich der Schulter und des Oberarmes;109;670
S43;Luxation, Verstauchung und Zerrung von Gelenken und Bändern des Schultergürtels;19;29
S44;Verletzung von Nerven in Höhe der Schulter und des Oberarmes;-999;-999
S45;Verletzung von Blutgefäßen in Höhe der Schulter und des Oberarmes;0;0
S46;Verletzung von Muskeln und Sehnen in Höhe der Schulter und des Oberarmes;5;5
S47;Zerquetschung der Schulter und des Oberarmes;0;0
S48;Traumatische Amputation an Schulter und Oberarm;0;0
S49;Sonstige und nicht näher bezeichnete Verletzungen der Schulter und des Oberarmes;-999;-999
S50;Oberflächliche Verletzung des Unterarmes;2;4
S51;Offene Wunde des Unterarmes;0;0
S52;Fraktur des Unterarmes;62;159
S53;Luxation, Verstauchung und Zerrung des Ellenbogengelenkes und von Bändern des Ellenbogens;10;11
S54;Verletzung von Nerven in Höhe des Unterarmes;3;3
S55;Verletzung von Blutgefäßen in Höhe des Unterarmes;0;0
S56;Verletzung von Muskeln und Sehnen in Höhe des Unterarmes;-999;-999
S57;Zerquetschung des Unterarmes;0;0
S58;Traumatische Amputation am Unterarm;0;0
S59;Sonstige und nicht näher bezeichnete Verletzungen des Unterarmes;-999;-999
S60;Oberflächliche Verletzung des Handgelenkes und der Hand;7;10
S61;Offene Wunde des Handgelenkes und der Hand;7;14
S62;Fraktur im Bereich des Handgelenkes und der Hand;4;14
S63;Luxation, Verstauchung und Zerrung von Gelenken und Bändern in Höhe des Handgelenkes und der Hand;3;6
S64;Verletzung von Nerven in Höhe des Handgelenkes und der Hand;-999;-999
S65;Verletzung von Blutgefäßen in Höhe des Handgelenkes und der Hand;0;0
S66;Verletzung von Muskeln und Sehnen in Höhe des Handgelenkes und der Hand;2;3
S67;Zerquetschung des Handgelenkes und der Hand;0;0
S68;Traumatische Amputation an Handgelenk und Hand;2;2
S69;Sonstige und nicht näher bezeichnete Verletzungen des Handgelenkes und der Hand;-999;-999
S70;Oberflächliche Verletzung der Hüfte und des Oberschenkels;26;33
S71;Offene Wunde der Hüfte und des Oberschenkels;0;0
S72;Fraktur des Femurs;115;1542
S73;Luxation, Verstauchung und Zerrung des Hüftgelenkes und von Bändern der Hüfte;8;9
S74;Verletzung von Nerven in Höhe der Hüfte und des Oberschenkels;-999;-999
S75;Verletzung von Blutgefäßen in Höhe der Hüfte und des Oberschenkels;0;0
S76;Verletzung von Muskeln und Sehnen in Höhe der Hüfte und des Oberschenkels;16;19
S77;Zerquetschung der Hüfte und des Oberschenkels;0;0
S78;Traumatische Amputation an Hüfte und Oberschenkel;-999;-999
S79;Sonstige und nicht näher bezeichnete Verletzungen der Hüfte und des Oberschenkels;0;0
S80;Oberflächliche Verletzung des Unterschenkels;17;24
S81;Offene Wunde des Unterschenkels;4;5
S82;Fraktur des Unterschenkels, einschließlich des oberen Sprunggelenkes;84;278
S83;Luxation, Verstauchung und Zerrung des Kniegelenkes und von Bändern des Kniegelenkes;12;17
S84;Verletzung von Nerven in Höhe des Unterschenkels;2;3
S85;Verletzung von Blutgefäßen in Höhe des Unterschenkels;0;0
S86;Verletzung von Muskeln und Sehnen in Höhe des Unterschenkels;13;15
S87;Zerquetschung des Unterschenkels;0;0
S88;Traumatische Amputation am Unterschenkel;2;3
S89;Sonstige und nicht näher bezeichnete Verletzungen des Unterschenkels;0;0
S90;Oberflächliche Verletzung der Knöchelregion und des Fußes;9;12
S91;Offene Wunde der Knöchelregion und des Fußes;5;5
S92;Fraktur des Fußes [ausgenommen oberes Sprunggelenk];17;22
S93;Luxation, Verstauchung und Zerrung der Gelenke und Bänder in Höhe des oberen Sprunggelenkes und des Fußes;13;13
S94;Verletzung von Nerven in Höhe des Knöchels und des Fußes;0;0
S95;Verletzung von Blutgefäßen in Höhe des Knöchels und des Fußes;0;0
S96;Verletzung von Muskeln und Sehnen in Höhe des Knöchels und des Fußes;0;0
S97;Zerquetschung des oberen Sprunggelenkes und des Fußes;0;0
S98;Traumatische Amputation am oberen Sprunggelenk und Fuß;-999;-999
S99;Sonstige und nicht näher bezeichnete Verletzungen der Knöchelregion und des Fußes;2;2
T00;Oberflächliche Verletzungen mit Beteiligung mehrerer Körperregionen;-999;-999
T01;Offene Wunden mit Beteiligung mehrerer Körperregionen;0;0
T02;Frakturen mit Beteiligung mehrerer Körperregionen;0;0
T03;Luxationen, Verstauchungen und Zerrungen mit Beteiligung mehrerer Körperregionen;-999;-999
T04;Zerquetschungen mit Beteiligung mehrerer Körperregionen;0;0
T05;Traumatische Amputationen mit Beteiligung mehrerer Körperregionen;0;0
T06;Sonstige Verletzungen mit Beteiligung mehrerer Körperregionen, anderenorts nicht klassifiziert;-999;-999
T07;Nicht näher bezeichnete multiple Verletzungen;3;5
T08;Fraktur der Wirbelsäule, Höhe nicht näher bezeichnet;4;4
T09;Sonstige Verletzungen der Wirbelsäule und des Rumpfes, Höhe nicht näher bezeichnet;5;6
T10;Fraktur der oberen Extremität, Höhe nicht näher bezeichnet;0;0
T11;Sonstige Verletzungen der oberen Extremität, Höhe nicht näher bezeichnet;0;0
T12;Fraktur der unteren Extremität, Höhe nicht näher bezeichnet;0;0
T13;Sonstige Verletzungen der unteren Extremität, Höhe nicht näher bezeichnet;0;0
T14;Verletzung an einer nicht näher bezeichneten Körperregion;16;31
T15;Fremdkörper im äußeren Auge;8;35
T16;Fremdkörper im Ohr;6;26
T17;Fremdkörper in den Atemwegen;12;27
T18;Fremdkörper im Verdauungstrakt;22;45
T19;Fremdkörper im Urogenitaltrakt;2;5
T20;Verbrennung oder Verätzung des Kopfes und des Halses;2;4
T21;Verbrennung oder Verätzung des Rumpfes;6;23
T22;Verbrennung oder Verätzung der Schulter und des Armes, ausgenommen Handgelenk und Hand;4;23
T23;Verbrennung oder Verätzung des Handgelenkes und der Hand;8;36
T24;Verbrennung oder Verätzung der Hüfte und des Beines, ausgenommen Knöchelregion und Fuß;4;14
T25;Verbrennung oder Verätzung der Knöchelregion und des Fußes;5;17
T26;Verbrennung oder Verätzung, begrenzt auf das Auge und seine Anhangsgebilde;2;3
T27;Verbrennung oder Verätzung der Atemwege;0;0
T28;Verbrennung oder Verätzung sonstiger innerer Organe;-999;-999
T29;Verbrennungen oder Verätzungen mehrerer Körperregionen;-999;-999
T30;Verbrennung oder Verätzung, Körperregion nicht näher bezeichnet;5;11
T31;Verbrennungen, klassifiziert nach dem Ausmaß der betroffenen Körperoberfläche;0;0
T32;Verätzungen, klassifiziert nach dem Ausmaß der betroffenen Körperoberfläche;0;0
T33;Oberflächliche Erfrierung;0;0
T34;Erfrierung mit Gewebsnekrose;0;0
T35;Erfrierung mit Beteiligung mehrerer Körperregionen und nicht näher bezeichnete Erfrierung;0;0
T36;Vergiftung durch systemisch wirkende Antibiotika;0;0
T37;Vergiftung durch sonstige systemisch wirkende Antiinfektiva und Antiparasitika;0;0
T38;Vergiftung durch Hormone und deren synthetische Ersatzstoffe und Antagonisten, anderenorts nicht klassifiziert;-999;-999
T39;Vergiftung durch nichtopioidhaltige Analgetika, Antipyretika und Antirheumatika;-999;-999
T40;Vergiftung durch Betäubungsmittel und Psychodysleptika [Halluzinogene];0;0
T41;Vergiftung durch Anästhetika und therapeutische Gase;0;0
T42;Vergiftung durch Antiepileptika, Sedativa, Hypnotika und Antiparkinsonmittel;2;2
T43;Vergiftung durch psychotrope Substanzen, anderenorts nicht klassifiziert;-999;-999
T44;Vergiftung durch primär auf das autonome Nervensystem wirkende Arzneimittel;2;2
T45;Vergiftung durch primär systemisch und auf das Blut wirkende Mittel, anderenorts nicht klassifiziert;6;6
T46;Vergiftung durch primär auf das Herz-Kreislaufsystem wirkende Mittel;-999;-999
T47;Vergiftung durch primär auf den Magen-Darmtrakt wirkende Mittel;0;0
T48;Vergiftung durch primär auf die glatte Muskulatur, die Skelettmuskulatur und das Atmungssystem wirkende Mittel;0;0
T49;Vergiftung durch primär auf Haut und Schleimhäute wirkende und in der Augen-, der Hals-Nasen-Ohren- und der Zahnheilkunde angewendete Mittel zur topischen Anwendung;0;0
T50;Vergiftung durch Diuretika und sonstige und nicht näher bezeichnete Arzneimittel, Drogen und biologisch aktive Substanzen;9;11
T51;Toxische Wirkung von Alkohol;-999;-999
T52;Toxische Wirkung von organischen Lösungsmitteln;0;0
T53;Toxische Wirkung von halogenierten aliphatischen und aromatischen Kohlenwasserstoffen;0;0
T54;Toxische Wirkung von ätzenden Substanzen;-999;-999
T55;Toxische Wirkung von Seifen und Detergenzien;-999;-999
T56;Toxische Wirkung von Metallen;0;0
T57;Toxische Wirkung von sonstigen anorganischen Substanzen;0;0
T58;Toxische Wirkung von Kohlenmonoxid;-999;-999
T59;Toxische Wirkung sonstiger Gase, Dämpfe oder sonstigen Rauches;-999;-999
T60;Toxische Wirkung von Schädlingsbekämpfungsmitteln [Pestiziden];0;0
T61;Toxische Wirkung schädlicher Substanzen, die mit essbaren Meerestieren aufgenommen wurden;2;3
T62;Toxische Wirkung sonstiger schädlicher Substanzen, die mit der Nahrung aufgenommen wurden;4;8
T63;Toxische Wirkung durch Kontakt mit giftigen Tieren;25;194
T64;Toxische Wirkung von Aflatoxin und sonstigem Mykotoxin in kontaminierten Lebensmitteln;0;0
T65;Toxische Wirkung sonstiger und nicht näher bezeichneter Substanzen;4;4
T66;Nicht näher bezeichnete Schäden durch Strahlung;0;0
T67;Schäden durch Hitze und Sonnenlicht;3;6
T68;Hypothermie;0;0
T69;Sonstige Schäden durch niedrige Temperatur;2;5
T70;Schäden durch Luft- und Wasserdruck;2;2
T71;Erstickung;0;0
T73;Schäden durch sonstigen Mangel;-999;-999
T74;Missbrauch von Personen;2;3
T75;Schäden durch sonstige äußere Ursachen;4;4
T78;Unerwünschte Nebenwirkungen, anderenorts nicht klassifiziert;49;1083
T79;Bestimmte Frühkomplikationen eines Traumas, anderenorts nicht klassifiziert;9;11
T80;Komplikationen nach Infusion, Transfusion oder Injektion zu therapeutischen Zwecken;2;2
T81;Komplikationen bei Eingriffen, anderenorts nicht klassifiziert;44;129
T82;Komplikationen durch Prothesen, Implantate oder Transplantate im Herzen und in den Gefäßen;21;173
T83;Komplikationen durch Prothesen, Implantate oder Transplantate im Urogenitaltrakt;6;20
T84;Komplikationen durch orthopädische Endoprothesen, Implantate oder Transplantate;64;194
T85;Komplikationen durch sonstige interne Prothesen, Implantate oder Transplantate;22;47
T86;Versagen und Abstoßung von transplantierten Organen und Geweben;34;813
T87;Komplikationen, die für Replantation und Amputation bezeichnend sind;10;14
T88;Sonstige Komplikationen bei chirurgischen Eingriffen und medizinischer Behandlung, anderenorts nicht klassifiziert;31;146
T89;Sonstige näher bezeichnete Komplikationen eines Traumas;5;7
T90;Folgen von Verletzungen des Kopfes;10;28
T91;Folgen von Verletzungen des Halses und des Rumpfes;3;5
T92;Folgen von Verletzungen der oberen Extremität;-999;-999
T93;Folgen von Verletzungen der unteren Extremität;4;4
T94;Folgen von Verletzungen mehrerer oder nicht näher bezeichneter Körperregionen;3;3
T95;Folgen von Verbrennungen, Verätzungen oder Erfrierungen;-999;-999
T96;Folgen einer Vergiftung durch Arzneimittel, Drogen und biologisch aktive Substanzen;0;0
T97;Folgen toxischer Wirkungen von vorwiegend nicht medizinisch verwendeten Substanzen;0;0
T98;Folgen sonstiger und nicht näher bezeichneter Wirkungen äußerer Ursachen;0;0
U04;Schweres akutes respiratorisches Syndrom [SARS];0;0
U06;Nicht belegte Schlüsselnummer U06;0;0
U07;Nicht belegte Schlüsselnummer U07;0;0
U50;Motorische Funktionseinschränkung;-999;-999
U51;Kognitive Funktionseinschränkung;4;7
U52;Frührehabilitations-Barthel-Index [FRB];0;0
U55;Erfolgte Registrierung zur Organtransplantation;-999;-999
U60;Klinische Kategorien der HIV-Krankheit;0;0
U61;Anzahl der T-Helferzellen bei HIV-Krankheit;0;0
U69;Sonstige sekundäre Schlüsselnummern für besondere Zwecke;0;0
U80;Erreger mit bestimmten Antibiotikaresistenzen, die besondere therapeutische oder hygienische Maßnahmen erfordern;0;0
U81;Bakterien mit Multiresistenz gegen Antibiotika;0;0
U82;Mykobakterien mit Resistenz gegen Antituberkulotika (Erstrangmedikamente);0;0
U83;Candida mit Resistenz gegen Fluconazol oder Voriconazol;0;0
U84;Herpesviren mit Resistenz gegen Virustatika;0;0
U85;Humanes Immundefizienz-Virus mit Resistenz gegen Virustatika oder Proteinaseinhibitoren;0;0
U99;Nicht belegte Schlüsselnummer U99;0;0
V99;Transportmittelunfall;0;0
W49;Exposition gegenüber mechanischen Kräften unbelebter Objekte;0;0
W64;Exposition gegenüber mechanischen Kräften belebter Objekte;0;0
W87;Exposition gegenüber elektrischem Strom;0;0
W91;Exposition gegenüber Strahlung;0;0
W92;Exposition gegenüber übermäßiger, künstlich erzeugter Hitze;0;0
W93;Exposition gegenüber übermäßiger, künstlich erzeugter Kälte;0;0
W94;Exposition gegenüber hohem oder niedrigem Luftdruck oder Luftdruckwechsel;0;0
X19;Verbrennung oder Verbrühung durch Hitze oder heiße Substanzen;0;0
X29;Kontakt mit giftigen Tieren und Pflanzen;0;0
X49;Akzidentelle Vergiftung durch und Exposition gegenüber schädliche(n) Substanzen;0;0
X59;Akzidentelle Exposition gegenüber sonstigen und nicht näher bezeichneten Faktoren;0;0
X84;Absichtliche Selbstbeschädigung;0;0
Y09;Tätlicher Angriff;0;0
Y34;Nicht näher bezeichnetes Ereignis, Umstände unbestimmt;0;0
Y35;Verletzungen bei gesetzlichen Maßnahmen;0;0
Y36;Verletzungen durch Kriegshandlungen;0;0
Y57;Unerwünschte Nebenwirkungen bei therapeutischer Anwendung von Arzneimitteln und Drogen;0;0
Y59;Unerwünschte Nebenwirkungen bei therapeutischer Anwendung von Impfstoffen oder biologisch aktiven Substanzen;0;0
Y69;Zwischenfälle bei chirurgischem Eingriff und medizinischer Behandlung;0;0
Y82;Medizintechnische Geräte und Produkte im Zusammenhang mit Zwischenfällen bei diagnostischer und therapeutischer Anwendung;0;0
Y84;Chirurgische und sonstige medizinische Maßnahmen als Ursache einer abnormen Reaktion eines Patienten oder einer späteren Komplikation, ohne Angabe eines Zwischenfalls zum Zeitpunkt der Durchführung der Maßnahme;0;0
Z00;Allgemeinuntersuchung und Abklärung bei Personen ohne Beschwerden oder angegebene Diagnose;12;154
Z01;Sonstige spezielle Untersuchungen und Abklärungen bei Personen ohne Beschwerden oder angegebene Diagnose;47;2216
Z02;Untersuchung und Konsultation aus administrativen Gründen;-999;-999
Z03;Ärztliche Beobachtung und Beurteilung von Verdachtsfällen;67;1018
Z04;Untersuchung und Beobachtung aus sonstigen Gründen;13;247
Z08;Nachuntersuchung nach Behandlung wegen bösartiger Neubildung;38;2341
Z09;Nachuntersuchung nach Behandlung wegen anderer Krankheitszustände außer bösartigen Neubildungen;29;1144
Z10;Allgemeine Reihenuntersuchung bestimmter Bevölkerungsgruppen;2;56
Z11;Spezielle Verfahren zur Untersuchung auf infektiöse und parasitäre Krankheiten;2;3
Z12;Spezielle Verfahren zur Untersuchung auf Neubildungen;2;2
Z13;Spezielle Verfahren zur Untersuchung auf sonstige Krankheiten oder Störungen;24;389
Z20;Kontakt mit und Exposition gegenüber übertragbaren Krankheiten;7;251
Z21;Asymptomatische HIV-Infektion [Humane Immundefizienz-Virusinfektion];-999;-999
Z22;Keimträger von Infektionskrankheiten;6;6
Z23;Notwendigkeit der Impfung [Immunisierung] gegen einzelne bakterielle Krankheiten;-999;-999
Z24;Notwendigkeit der Impfung [Immunisierung] gegen bestimmte einzelne Viruskrankheiten;7;9
Z25;Notwendigkeit der Impfung [Immunisierung] gegen andere einzelne Viruskrankheiten;4;56
Z26;Notwendigkeit der Impfung [Immunisierung] gegen andere einzelne Infektionskrankheiten;6;13
Z27;Notwendigkeit der Impfung [Immunisierung] gegen Kombinationen von Infektionskrankheiten;13;44
Z28;Nicht durchgeführte Impfung [Immunisierung];0;0
Z29;Notwendigkeit von anderen prophylaktischen Maßnahmen;6;42
Z30;Kontrazeptive Maßnahmen;3;3
Z31;Fertilisationsfördernde Maßnahmen;0;0
Z32;Untersuchung und Test zur Feststellung einer Schwangerschaft;0;0
Z33;Schwangerschaftsfeststellung als Nebenbefund;0;0
Z34;Überwachung einer normalen Schwangerschaft;0;0
Z35;Überwachung einer Risikoschwangerschaft;0;0
Z36;Pränatales Screening;0;0
Z37;Resultat der Entbindung;0;0
Z38;Lebendgeborene nach dem Geburtsort;0;0
Z39;Postpartale Betreuung und Untersuchung der Mutter;0;0
Z40;Prophylaktische Operation;0;0
Z41;Maßnahmen aus anderen Gründen als der Wiederherstellung des Gesundheitszustandes;0;0
Z42;Nachbehandlung unter Anwendung plastischer Chirurgie;0;0
Z43;Versorgung künstlicher Körperöffnungen;12;22
Z44;Versorgen mit und Anpassen einer Ektoprothese;-999;-999
Z45;Anpassung und Handhabung eines implantierten medizinischen Gerätes;17;1149
Z46;Versorgen mit und Anpassen von anderen medizinischen Geräten oder Hilfsmitteln;5;5
Z47;Andere orthopädische Nachbehandlung;0;0
Z48;Andere Nachbehandlung nach chirurgischem Eingriff;6;109
Z49;Dialysebehandlung;133;25831
Z50;Rehabilitationsmaßnahmen;0;0
Z51;Sonstige medizinische Behandlung;34;372
Z52;Spender von Organen oder Geweben;8;56
Z53;Personen, die Einrichtungen des Gesundheitswesens wegen spezifischer Maßnahmen aufgesucht haben, die aber nicht durchgeführt wurden;4;10
Z54;Rekonvaleszenz;0;0
Z55;Kontaktanlässe mit Bezug auf die Ausbildung;3;5
Z56;Kontaktanlässe mit Bezug auf das Berufsleben;0;0
Z57;Berufliche Exposition gegenüber Risikofaktoren;0;0
Z58;Kontaktanlässe mit Bezug auf die physikalische Umwelt;0;0
Z59;Kontaktanlässe mit Bezug auf das Wohnumfeld oder die wirtschaftliche Lage;0;0
Z60;Kontaktanlässe mit Bezug auf die soziale Umgebung;-999;-999
Z61;Kontaktanlässe mit Bezug auf Kindheitserlebnisse;-999;-999
Z62;Andere Kontaktanlässe mit Bezug auf die Erziehung;2;5
Z63;Andere Kontaktanlässe mit Bezug auf den engeren Familienkreis;3;11
Z64;Kontaktanlässe mit Bezug auf bestimmte psychosoziale Umstände;0;0
Z65;Kontaktanlässe mit Bezug auf andere psychosoziale Umstände;-999;-999
Z70;Beratung in Bezug auf Sexualeinstellung, -verhalten oder -orientierung;0;0
Z71;Personen, die das Gesundheitswesen zum Zwecke anderer Beratung oder ärztlicher Konsultation in Anspruch nehmen, anderenorts nicht klassifiziert;7;14
Z72;Probleme mit Bezug auf die Lebensführung;-999;-999
Z73;Probleme mit Bezug auf Schwierigkeiten bei der Lebensbewältigung;2;15
Z74;Probleme mit Bezug auf Pflegebedürftigkeit;5;212
Z75;Probleme mit Bezug auf medizinische Betreuungsmöglichkeiten oder andere Gesundheitsversorgung;0;0
Z76;Personen, die das Gesundheitswesen aus sonstigen Gründen in Anspruch nehmen;2;2
Z80;Bösartige Neubildung in der Familienanamnese;4;22
Z81;Psychische Krankheiten oder Verhaltensstörungen in der Familienanamnese;-999;-999
Z82;Bestimmte Behinderungen oder chronische Krankheiten in der Familienanamnese, die zu Schädigung oder Behinderung führen;0;0
Z83;Andere spezifische Krankheiten in der Familienanamnese;3;5
Z84;Andere Krankheiten oder Zustände in der Familienanamnese;0;0
Z85;Bösartige Neubildung in der Eigenanamnese;27;121
Z86;Bestimmte andere Krankheiten in der Eigenanamnese;13;23
Z87;Andere Krankheiten oder Zustände in der Eigenanamnese;9;30
Z88;Allergie gegenüber Arzneimitteln, Drogen oder biologisch aktiven Substanzen in der Eigenanamnese;13;114
Z89;Extremitätenverlust;5;5
Z90;Verlust von Organen, anderenorts nicht klassifiziert;8;10
Z91;Risikofaktoren in der Eigenanamnese, anderenorts nicht klassifiziert;3;4
Z92;Medizinische Behandlung in der Eigenanamnese;6;6
Z93;Vorhandensein einer künstlichen Körperöffnung;10;15
Z94;Zustand nach Organ- oder Gewebetransplantation;18;707
Z95;Vorhandensein von kardialen oder vaskulären Implantaten oder Transplantaten;11;32
Z96;Vorhandensein von anderen funktionellen Implantaten;11;385
Z97;Vorhandensein anderer medizinischer Geräte oder Hilfsmittel;0;0
Z98;Sonstige Zustände nach chirurgischem Eingriff;8;11
Z99;Langzeitige Abhängigkeit von unterstützenden Apparaten, medizinischen Geräten oder Hilfsmitteln, anderenorts nicht klassifiziert;4;78
